site,residue,label_site,average_interact,min_interact,max_interact
0,S,SER0,0.0,0.0,0.0
1,Q,GLN1,-192.35820769230764,-2500.6566999999995,0.0
2,V,VAL2,-45.89963333333333,-550.7955999999999,0.0
3,Q,GLN3,0.0,0.0,0.0
4,L,LEU4,0.0,0.0,0.0
5,V,VAL5,0.0,0.0,0.0
6,E,GLU6,0.0,0.0,0.0
7,S,SER7,0.0,0.0,0.0
8,G,GLY8,0.0,0.0,0.0
9,G,GLY9,0.0,0.0,0.0
10,G,GLY10,0.0,0.0,0.0
11,L,LEU11,-361.4302583333333,-4337.1631,0.0
12,V,VAL12,-104.24069642857141,-1459.3697499999998,0.0
13,S,SER13,-195.19024999999996,-4431.036099999999,0.0
14,Q,GLN14,-423.2800298648648,-6669.7287,0.0
15,C,CYS15,-53.43144147196261,-2574.181,551.4940999999999
16,V,VAL16,-153.2943815420561,-5213.824500000001,146.06699999999998
17,N,ASN17,-131.88023053613054,-3207.20565,430.066
18,L,LEU18,-57.35722745,-3026.1454,0.0
19,T,THR19,-51.14139316326531,-2754.9771,291.2
20,T,THR20,-36.72675388548056,-5204.9553,0.0
21,R,ARG21,-1.8591301229508197,-678.087,141.76299999999998
22,T,THR22,-14.744916598360655,-3207.4511,0.0
23,Q,GLN23,-53.67987614314115,-5047.299800000001,0.0
24,L,LEU24,-10.35446190248566,-2813.282225,278.9394
25,P,PRO25,-37.560987387387385,-2170.9886,0.0
26,P,PRO26,-123.14521029654038,-7177.4791000000005,0.0
27,A,ALA27,-22.21596947325934,-2697.6162000000004,1234.3174
28,Y,TYR28,-98.3436312952953,-5559.101750000001,0.0
29,T,THR29,-16.233987986041875,-4120.558349999999,0.0
30,N,ASN30,-12.104825099601598,-9210.412300000002,428.9519
31,S,SER31,-27.015297117296228,-4711.4474,0.0
32,F,PHE32,-40.49574685898709,-10179.39565,0.0
33,T,THR33,-7.197322326732673,-2895.763,0.0
34,R,ARG34,-10.44970707920792,-2161.7936,0.0
35,G,GLY35,-8.190169831849655,-2000.2885,0.0
36,V,VAL36,-18.568061968348168,-5823.349200000001,0.0
37,Y,TYR37,1.0751012845849803,0.0,411.996
38,Y,TYR38,-53.936873418972354,-3802.957400000001,0.0
39,P,PRO39,-63.02671206726015,-11300.9237,156.289
40,D,ASP40,-16.07548016815035,-5778.5897,129.38899999999998
41,K,LYS41,-83.98920252225518,-8267.0858,196.90680000000003
42,V,VAL42,-67.97012239218596,-6476.886642,752.9975
43,F,PHE43,-138.05144757368944,-13502.34255,76.50919999999999
44,R,ARG44,-34.309583288537546,-6164.661600000001,302.88773200000014
45,S,SER45,-19.91514654150198,-2944.8255,475.676
46,S,SER46,-6.658332772277229,-2935.9763000000003,0.0
47,V,VAL47,-29.01799267326733,-3698.6682,0.0
48,L,LEU48,-2.4286546039603962,-1242.6228,337.864
49,H,HIS49,-16.94155163043478,-8052.40325,148.48
50,S,SER50,-3.1547742094861664,-1773.0355,0.0
51,T,THR51,0.0,0.0,0.0
52,Q,GLN52,-3.2004560710760117,-1107.3618,0.0
53,D,ASP53,-0.8691579169139465,-703.4200999999999,0.0
54,L,LEU54,-2.15459703264095,-1398.7869,0.0
55,F,PHE55,-18.826257322453017,-13871.355825,0.0
56,L,LEU56,-10.961120527200793,-7540.347850000001,0.0
57,P,PRO57,-0.7549120672601386,-654.9071,0.0
58,F,PHE58,-12.75915222772277,-4776.1524,0.0
59,F,PHE59,-13.717805693069307,-5104.60525,0.0
60,S,SER60,-2.642445242094862,-1969.717785,0.0
61,N,ASN61,-5.744309347181008,-839.8839999999999,600.8114
62,V,VAL62,-2.5014517786561266,-953.3613,0.0
63,T,THR63,-20.0996768244576,-1781.0179000000005,0.0
64,W,TRP64,-5.286416518737673,-2060.12165,0.0
65,F,PHE65,-10.749565877712032,-2378.2721,0.0
66,H,HIS66,-5.993991310824231,-3273.12935,0.0
67,A,ALA67,-3.480360804020101,-1757.8697000000002,0.0
68,I,ILE68,-22.31928398835517,-6376.157200000001,0.0
69,H,HIS69,-34.841667785843924,-7169.9946,0.0
70,V,VAL70,-22.598073428571432,-2320.37195,0.0
71,S,SER71,-89.6042717472119,-5080.0248,575.4265
72,G,GLY72,-9.52970679012346,-1400.1443,140.589
73,T,THR73,1.8060375000000006,-45.48019999999998,530.6294
74,N,ASN74,-9.667013765182187,-1718.4910000000002,0.0
75,G,GLY75,-23.34096527777778,-1940.0644,0.0
76,T,THR76,-83.17162111051213,-4131.746982000001,0.0
77,K,LYS77,-51.44443790983606,-6908.057999999999,0.0
78,R,ARG78,-5.85169841827768,-866.865,0.0
79,F,PHE79,-0.11640880503144654,-74.036,0.0
80,D,ASP80,-2.6235716859716858,-515.3335999999999,0.0
81,N,ASN81,0.0,0.0,0.0
82,P,PRO82,-13.079469328140211,-2257.781,0.0
83,V,VAL83,-63.44163619586614,-5554.563525,0.0
84,L,LEU84,-14.875736023622046,-2413.545,237.8556
85,P,PRO85,-96.03971013779528,-5900.366300000001,0.0
86,F,PHE86,0.0,0.0,0.0
87,N,ASN87,-69.00797259742829,-5587.8369,0.0
88,D,ASP88,-16.227993627470358,-2638.3318,0.0
89,G,GLY89,-2.0748249999999997,-1549.2829,0.0
90,V,VAL90,0.0,0.0,0.0
91,Y,TYR91,-39.283020956607494,-6930.03485,0.0
92,F,PHE92,-5.947647140039448,-5039.985300000001,273.8472
93,A,ALA93,-22.41383303747535,-4726.2425,0.0
94,S,SER94,-7.667941321499014,-4877.613600000001,0.0
95,T,THR95,-8.82077228796844,-3404.55,150.522
96,E,GLU96,-30.878299616564416,-10405.103825,0.0
97,K,LYS97,-35.3321012886598,-6007.0926,1111.7933
98,S,SER98,-49.380359327217136,-8302.763,0.0
99,N,ASN99,-23.838344731610338,-3045.5245,1865.5016000000005
100,I,ILE100,-1.2238077073170732,-656.3692000000001,0.0
101,I,ILE101,-22.275376984126986,-3826.3828,147.95
102,R,ARG102,-23.083838951485152,-5510.9142,0.0
103,G,GLY103,-4.630054023622047,-2502.366488,0.0
104,W,TRP104,-15.72151437007874,-5616.6902,0.0
105,I,ILE105,-3.8634607775590553,-3925.27615,0.0
106,F,PHE106,-0.22516240157480313,-228.765,0.0
107,G,GLY107,0.15242448173741363,0.0,154.406
108,T,THR108,-44.88646086956522,-3612.267,0.0
109,T,THR109,-44.86413560852329,-4430.040258,0.0
110,L,LEU110,-10.285955203171454,-1228.7148000000002,0.0
111,D,ASP111,-15.696623255813956,-3378.4873000000007,0.0
112,S,SER112,-4.488329828109201,-2824.2295000000004,0.0
113,K,LYS113,-35.61106831648129,-5356.6959,1464.0233999999996
114,T,THR114,-8.689829207023058,-1463.1187,0.0
115,Q,GLN115,-6.942610051813473,-2540.4027,376.5392
116,S,SER116,-10.73759205626851,-6350.245500000001,0.0
117,L,LEU117,-1.1644731490621916,-941.616,0.0
118,L,LEU118,-6.851422359328727,-6885.76065,0.0
119,I,ILE119,-5.507541691248772,-1449.9226,0.0
120,V,VAL120,-12.890815255905514,-5140.7646,0.0
121,N,ASN121,-15.504783201970442,-2780.0355,0.0
122,N,ASN122,-17.047946859421735,-3453.1517000000003,0.0
123,A,ALA123,-29.54979772727273,-6809.02255,0.0
124,T,THR124,-25.95913860439561,-6520.543420000001,0.0
125,N,ASN125,-1.2500228174603174,-636.361,0.0
126,V,VAL126,-24.519627245804543,-4646.488799999999,341.47429999999963
127,V,VAL127,-6.33107351778656,-4734.316599999999,0.0
128,I,ILE128,-6.53184304047384,-1556.2116,0.0
129,K,LYS129,-1.3327972556762089,-2861.61422,884.1464
130,V,VAL130,-4.306795746298123,-4362.784090999999,0.0
131,C,CYS131,-1.9039792616451934,-1607.4427,0.0
132,E,GLU132,-19.8412346382557,-3428.4898000000003,251.29300000000003
133,F,PHE133,-14.657656646825398,-3907.349,0.0
134,Q,GLN134,-45.5505911122145,-6905.1047,542.3954
135,F,PHE135,-19.92089402390438,-3450.9409,0.0
136,C,CYS136,-1.2949654345654344,-523.4875999999999,0.0
137,N,ASN137,-7.329653618090452,-3116.04325,0.0
138,D,ASP138,-1.3494138748738649,-1337.26915,0.0
139,P,PRO139,0.0,0.0,0.0
140,F,PHE140,-25.777940872210955,-2888.8476,0.0
141,L,LEU141,0.0,0.0,0.0
142,G,GLY142,-21.711634024390243,-2927.7457000000004,0.0
143,V,VAL143,-32.19385013262599,-3835.481799999999,311.7558
144,Y,TYR144,-836.6121709710741,-10249.9916,0.0
145,Y,TYR145,-494.20558996390645,-9522.1551,717.3430999999999
146,H,HIS146,-700.5487679999997,-10797.19695,0.0
147,K,LYS147,-799.2803820366133,-8956.830849999998,412.3861999999999
148,N,ASN148,-212.5184608988764,-4003.0343,1203.8002
149,N,ASN149,-30.683928539823007,-2042.0209,287.4264
150,K,LYS150,-58.95188212719298,-3629.2548,1455.6900999999996
151,S,SER151,-28.9218991416309,-1820.5231,0.0
152,W,TRP152,-310.2728345401174,-13632.41685,0.0
153,M,MET153,-42.327108280254784,-2665.8477000000003,0.0
154,E,GLU154,-97.50113122416535,-4331.0057,0.0
155,S,SER155,-55.12535169753088,-3109.1825,6.02264999999997
156,E,GLU156,-184.65851023152027,-6286.085300000001,107.7772
157,F,PHE157,-89.11111083048621,-4724.370449999999,80.969
158,R,ARG158,-114.00415193346005,-5656.742287000001,1299.1376
159,V,VAL159,0.0,0.0,0.0
160,Y,TYR160,0.7177705809641528,-2090.4432,1029.331
161,S,SER161,-36.75354118372381,-4393.3172,0.0
162,S,SER162,-35.12697701359703,-2880.3885,300.33919999999995
163,A,ALA163,-20.597760920987653,-3193.0957,746.9436
164,N,ASN164,-32.617022652631576,-4915.1593,731.3042499999999
165,N,ASN165,-40.69442362681914,-5246.206,1266.2005
166,C,CYS166,-10.355406827309238,-2759.1220000000003,1527.0823999999996
167,T,THR167,-17.696941239,-3177.224149,162.207
168,F,PHE168,-7.206694270189432,-3723.42235,51.03544699999998
169,E,GLU169,-4.187635264735264,-804.6913999999999,0.0
170,Y,TYR170,-19.141884704112336,-2807.591,67.968
171,V,VAL171,-3.7917339017051157,-1908.4939500000005,0.0
172,S,SER172,-10.849919919110214,-2926.46455,0.0
173,Q,GLN173,-89.44673260869565,-8704.1495,0.0
174,P,PRO174,-59.54067218100891,-6174.79005,0.0
175,F,PHE175,-82.50083414634148,-10562.552500000002,0.0
176,L,LEU176,-88.44705783699058,-10340.904099999998,0.0
177,M,MET177,-49.12808938579655,-3186.0001,0.0
178,D,ASP178,-67.5247477124183,-4602.345600000001,233.48
179,L,LEU179,-11.809748343065694,-1189.3556,0.0
180,E,GLU180,-53.74667371025641,-6898.118850000001,6.963599999999985
181,G,GLY181,-73.12148635264484,-4418.028533000001,247.4986
182,K,LYS182,-58.6914902631579,-4025.684600000001,260.99004599999967
183,Q,GLN183,-121.44392958542716,-8142.8562,955.6346
184,G,GLY184,-26.55878529411764,-1840.5557,0.0
185,N,ASN185,-11.776020196280994,-3231.8092,286.86060000000003
186,F,PHE186,-14.024703065395093,-4057.55525,0.0
187,K,LYS187,-10.36949189330544,-3067.871,0.0
188,N,ASN188,-13.482973165338645,-2878.592353,0.0
189,L,LEU189,-2.391162698412698,-814.2439999999999,0.0
190,R,ARG190,-24.303830966336626,-4027.443449,0.0
191,E,GLU191,-41.97313183069306,-6007.280599999999,0.0
192,F,PHE192,-27.795935445544558,-3513.4040250000003,0.0
193,V,VAL193,-27.994167443012884,-4591.90805,404.768
194,F,PHE194,-10.95640267591675,-2545.5287000000003,141.7218
195,K,LYS195,0.12107036669970263,0.0,122.15999999999995
196,N,ASN196,-1.5566819623389492,-276.265,0.0
197,I,ILE197,-18.978928335056878,-4321.66295,0.0
198,D,ASP198,-28.172609307135467,-3507.782599999999,440.8592
199,G,GLY199,-58.03348984555785,-6432.59105,0.0
200,Y,TYR200,-53.951056541129816,-4846.93165,0.0
201,F,PHE201,-4.888705275247525,-3030.785228,1799.2651
202,K,LYS202,-0.9429116079207929,-1467.9102000000005,796.8664
203,I,ILE203,-2.6224641584158417,-1058.9062,0.0
204,Y,TYR204,-14.422977475247526,-13651.88375,0.0
205,S,SER205,-15.426085198019804,-7533.380650000001,0.0
206,K,LYS206,2.3473388392857144,0.0,788.70585
207,H,HIS207,-45.42983645418327,-5346.06625,0.0
208,T,THR208,-7.897398409542743,-5364.293,0.0
209,P,PRO209,-17.17994060139165,-3538.96925,243.281936
210,I,ILE210,-2.009233275653924,-1232.1706000000004,0.0
211,N,ASN211,-25.267850335540835,-7058.78635,2635.081
212,L,LEU212,-35.402581348314605,-9786.0721,860.274
213,V,VAL213,-30.89167338983051,-7353.9436,23.972499999999968
214,R,ARG214,-20.202827314977974,-5650.031725,54.2912
215,D,ASP215,-2.594311156601843,-1397.6064000000003,0.0
216,L,LEU216,-1.6939470050761423,-953.1608,0.0
217,P,PRO217,-7.301096502507523,-4670.221313000001,0.0
218,Q,GLN218,-13.924977315000001,-5746.847958000001,0.0
219,G,GLY219,-6.579966151545363,-3421.2135499999995,0.0
220,F,PHE220,-10.990318463073853,-5514.7889000000005,0.0
221,S,SER221,-0.09215691542288557,-92.6177,0.0
222,A,ALA222,-1.652406567164179,-586.0585,0.0
223,L,LEU223,-0.2535487077534791,-255.07,0.0
224,E,GLU224,-35.25695636182903,-4161.222,0.0
225,P,PRO225,-32.118737276341946,-3439.9220000000005,0.0
226,L,LEU226,-33.011617410714294,-5313.4962,0.0
227,V,VAL227,-8.865527083333333,-2294.4136,0.0
228,D,ASP228,-4.903598313492063,-2358.2441,284.96000000000004
229,L,LEU229,-2.4929090277777775,-855.3257999999998,0.0
230,P,PRO230,-32.317301694444446,-6357.959696999999,0.0
231,I,ILE231,-7.106978578373016,-2588.0706,0.0
232,G,GLY232,-7.892696612725451,-3675.807973,427.615369
233,I,ILE233,-8.046772758032128,-2462.761767,0.0
234,N,ASN234,-5.768434136546185,-4513.6155,958.974
235,I,ILE235,-35.21169777367897,-10817.697673,0.0
236,T,THR236,-53.23580333333334,-3822.1723,0.0
237,R,ARG237,-97.39029634745764,-8883.672257000002,0.0
238,F,PHE238,0.0,0.0,0.0
239,Q,GLN239,0.0,0.0,0.0
240,T,THR240,0.0,0.0,0.0
241,L,LEU241,0.0,0.0,0.0
242,L,LEU242,0.0,0.0,0.0
243,A,ALA243,-0.36276169154228854,-291.6604,0.0
244,L,LEU244,-10.420881481481482,-1095.30155,0.0
245,H,HIS245,-112.18339809556788,-6277.526925000001,208.5385
246,R,ARG246,-486.2244884747387,-11314.348520000003,328.914163
247,S,SER247,-170.30094063167587,-5031.76285,174.84179999999992
248,Y,TYR248,-1226.8842935,-18984.804800000005,0.0
249,L,LEU249,-1087.3406074193085,-12382.181200000005,0.0
250,T,THR250,-381.6803285932722,-6311.454100000001,0.0
251,P,PRO251,-851.249844606414,-12114.935399999998,201.212
252,G,GLY252,-271.2129041033434,-6259.932750000001,158.59110000000004
253,D,ASP253,-373.62201248071204,-8441.2464,0.0
254,S,SER254,-187.16639121813034,-4159.2984,0.0
255,S,SER255,-59.50287314814814,-2592.6732,0.0
256,S,SER256,-142.6689179287305,-3854.9972,162.74499999999998
257,G,GLY257,-53.37444528688523,-2646.7834000000003,166.511
258,W,TRP258,-36.66169770554494,-6250.390700000001,379.136
259,T,THR259,-26.74635378071834,-4171.214900000001,0.0
260,A,ALA260,-14.972218431001892,-2271.0397,162.207
261,G,GLY261,-2.3169336120401343,-1120.8135000000002,163.0206
262,A,ALA262,-13.688745263975157,-3083.2725,0.0
263,A,ALA263,-3.2682587861271677,-1191.2925,0.0
264,A,ALA264,-1.0298385542168675,-626.6279,0.0
265,Y,TYR265,0.0,0.0,0.0
266,Y,TYR266,0.0,0.0,0.0
267,V,VAL267,-6.7919194610778435,-3826.98115,0.0
268,G,GLY268,-2.0344702297702297,-529.0373,0.0
269,Y,TYR269,-61.93119867632368,-7030.514099999999,0.0
270,L,LEU270,-3.9365263708873375,-789.4025,0.0
271,Q,GLN271,-27.28068666333666,-2818.2589000000003,0.0
272,P,PRO272,-7.970604295704296,-804.1285,0.0
273,R,ARG273,0.0,0.0,0.0
274,T,THR274,-0.9136007992007992,-914.5144,0.0
275,F,PHE275,0.0,0.0,0.0
276,L,LEU276,0.0,0.0,0.0
277,L,LEU277,0.0,0.0,0.0
278,K,LYS278,0.742570248756219,-1312.14985,2442.3231
279,Y,TYR279,-3.354030278884461,-4558.293199999999,261.1422
280,N,ASN280,0.8294387225548903,-1166.5937,934.3412499999998
281,E,GLU281,-3.219038972055888,-1927.889,176.79524999999998
282,N,ASN282,-11.858170658682635,-2991.51555,1323.9970999999998
283,G,GLY283,-15.048593383084576,-2564.7805,0.0
284,T,THR284,-4.679448756218905,-852.0174999999999,0.0
285,I,ILE285,0.0,0.0,0.0
286,T,THR286,-10.166142288557214,-4218.868549999999,0.0
287,D,ASP287,-12.55415661691542,-5039.6158,0.0
288,A,ALA288,-3.956409353233831,-1664.2241,0.0
289,V,VAL289,-5.391048454636093,-2059.1782000000003,0.0
290,D,ASP290,-3.1677266201395815,-1111.6776999999995,0.0
291,C,CYS291,0.0,0.0,0.0
292,A,ALA292,0.0,0.0,0.0
293,L,LEU293,-5.724734743202417,-2235.7463,0.0
294,D,ASP294,-7.99424339051463,-3928.416799999999,0.0
295,P,PRO295,0.0,0.0,0.0
296,L,LEU296,-6.835809586276488,-2708.8202,0.0
297,S,SER297,-5.964599091826438,-2150.4151,0.0
298,E,GLU298,0.0,0.0,0.0
299,T,THR299,0.0,0.0,0.0
300,K,LYS300,-4.552840060544904,-2077.29,0.0
301,C,CYS301,-15.724279607467205,-6262.895556,0.0
302,T,THR302,-1.8670933905146319,-1129.8914000000002,0.0
303,L,LEU303,-3.257812411705348,-1511.7553,0.0
304,K,LYS304,-12.577337499999999,-2787.6800000000003,0.0
305,S,SER305,-0.11780943204868156,-290.13610000000006,265.234
306,F,PHE306,-24.36787517802645,-9924.11225,0.0
307,T,THR307,-9.092395583673468,-2748.0029,0.0
308,V,VAL308,-0.8474492331288342,-373.7869999999999,0.0
309,E,GLU309,-0.9487343558282209,-581.8406,0.0
310,K,LYS310,0.0,0.0,0.0
311,G,GLY311,0.0,0.0,0.0
312,I,ILE312,0.0,0.0,0.0
313,Y,TYR313,0.0,0.0,0.0
314,Q,GLN314,-10.783344882292731,-2970.5678000000003,0.0
315,T,THR315,0.0,0.0,0.0
316,S,SER316,-0.9208949846468781,-899.7144,0.0
317,N,ASN317,-14.792150051177073,-3709.8317,3.1321000000000936
318,F,PHE318,0.005255306122449021,-264.2098,269.36
319,R,ARG319,-42.76474069888098,-7461.566701999999,0.0
320,V,VAL320,-4.059872672064777,-1532.6478,279.76
321,Q,GLN321,-4.952619805025125,-1302.8100020000002,287.56
322,P,PRO322,-31.14427256281407,-10181.58265,0.0
323,T,THR323,-23.79434212637914,-3637.4477,310.62420000000003
324,E,GLU324,-56.7745726482412,-5153.699646,0.0
325,S,SER325,-21.73111136984925,-6680.1321,1594.207
326,I,ILE326,-10.62922735470942,-3536.9303,0.0
327,V,VAL327,-17.508648049999998,-5708.328799999999,0.0
328,R,ARG328,-9.048186319042872,-3317.829531,418.434664
329,F,PHE329,-24.440217591674923,-5569.11105,164.88
330,P,PRO330,-43.36998556650247,-4472.5301500000005,0.0
331,N,ASN331,-16.084056421568626,-2813.6181,0.0
332,I,ILE332,-65.20057943159922,-9523.5065,0.0
333,T,THR333,-57.14157741394147,-6774.735954999999,37.35589999999996
334,N,ASN334,-64.05658814392245,-4566.096299999999,143.88
335,L,LEU335,-128.8772658536585,-11190.127199999995,0.0
336,C,CYS336,-39.65554563636365,-7284.750600000001,0.0
337,P,PRO337,-123.71792020202754,-6685.441899999998,967.9352
338,F,PHE338,-48.78672422382672,-7891.287400000001,110.11749999999998
339,G,GLY339,-150.47701271985562,-9928.583300000004,476.5488
340,E,GLU340,-366.5513178310469,-10984.326099999998,447.9869
341,V,VAL341,-38.07501116161616,-2445.4174000000003,70.96540000000005
342,F,PHE342,-175.71878344468544,-8264.0427,0.0
343,N,ASN343,-346.3542291699205,-11329.6218,453.094
344,A,ALA344,-130.41306851370854,-5383.15555,216.84
345,T,THR345,-616.9519733292417,-10171.0914,32.81239999999997
346,R,ARG346,-960.6260978163789,-16668.937213,2232.911913
347,F,PHE347,-86.67686806421355,-4202.75835,604.8863000000001
348,A,ALA348,-115.49696826046176,-3602.2962000000007,356.10401299999995
349,S,SER349,-70.9888183358586,-5945.217925000001,1727.0578000000005
350,V,VAL350,-4.026374025974027,-1526.1873,0.0
351,Y,TYR351,-221.77413636363644,-12258.31745,0.0
352,A,ALA352,-98.8110794462094,-3167.1789,0.0
353,W,TRP353,-36.57788693140793,-3440.9178,262.5312
354,N,ASN354,-148.4460717597685,-6275.49905,1292.8680000000002
355,R,ARG355,-152.55831315667874,-7364.183103000001,726.8999000000001
356,K,LYS356,-140.10517702162937,-6324.813800000002,1847.4857420000003
357,R,ARG357,-169.97334983189035,-15923.603976000002,2489.215896
358,I,ILE358,-30.462762304974767,-2592.4184,502.7328
359,S,SER359,-61.16069128075255,-5830.83575,76.259
360,N,ASN360,-52.84140276321506,-3702.054849999999,317.474309
361,C,CYS361,-36.85005036205648,-4533.4488,101.09679999999992
362,V,VAL362,-42.42392086357039,-7399.01845,0.0
363,A,ALA363,-19.964273638344224,-4654.404,109.21399999999998
364,D,ASP364,-63.84838439999999,-5659.478400000001,634.6385
365,Y,TYR365,-70.8672761991279,-8491.5029,263.6628
366,S,SER366,-38.47541407396664,-3915.3861,419.785
367,V,VAL367,-124.33380146886313,-7812.659100000002,318.496
368,L,LEU368,-96.02466537047756,-6859.429442,161.88559999999998
369,Y,TYR369,-642.7787424699492,-12123.58765,278.72
370,N,ASN370,-274.164076657952,-7461.23315,1531.2229559999998
371,S,SER371,-177.69936561353714,-5531.5684,1499.6180000000002
372,A,ALA372,-405.9679874854548,-7524.69075,814.851124
373,S,SER373,-224.62553867704565,-6279.0905,404.0452
374,F,PHE374,-381.7642955509764,-6072.12335,767.7277260000002
375,S,SER375,-494.94673254085336,-9609.372600000002,693.4244000000001
376,T,THR376,-345.504671031746,-5072.8816,1410.3152
377,F,PHE377,-680.7751849105338,-10246.9436,911.2232
378,K,LYS378,-673.9508942561596,-9227.070699999998,1777.9348
379,C,CYS379,-249.70137174219317,-4867.4939,595.7389999999999
380,Y,TYR380,-607.1469964371342,-10144.708758,162.68310000000002
381,G,GLY381,-239.30232485801588,-7627.1127000000015,517.5690000000001
382,V,VAL382,-206.72206417887932,-4909.830600000001,414.432
383,S,SER383,-349.0724349819884,-4888.0512,476.025
384,P,PRO384,-457.4235073069166,-7684.7840000000015,155.751
385,T,THR385,-395.10232301300596,-8343.59705,0.0
386,K,LYS386,-159.90755287626624,-8451.595000000001,2984.6596
387,L,LEU387,-7.358139825581394,-2310.3206,151.447
388,N,ASN388,-9.648546368917938,-2447.5532,417.7784
389,D,ASP389,-18.231441582002905,-2893.0639,729.8071
390,L,LEU390,-82.69526968817983,-8167.0947,1425.0394
391,C,CYS391,-12.799632838522806,-4341.35145,556.7013999999999
392,F,PHE392,-64.28776417507204,-4362.9236,523.4982
393,T,THR393,-10.49643333381295,-2305.6588,0.0
394,N,ASN394,-16.525290609318997,-3196.3623,906.6225000000002
395,V,VAL395,-33.49815906035714,-17043.834031,0.0
396,Y,TYR396,-87.64847567857142,-11319.2885,273.15200000000004
397,A,ALA397,-1.1997935714285715,-237.86400000000003,0.0
398,D,ASP398,-10.907049392857143,-3124.0315000000005,414.8872
399,S,SER399,-8.274541464285713,-1056.0543,276.6762
400,F,PHE400,-4.270894983583155,-3593.95877,2652.886418
401,V,VAL401,-6.464723415774448,-2003.2888,772.7299999999999
402,I,ILE402,-9.919305772305496,-3064.2688000000003,31.45870000000008
403,R,ARG403,-430.8354421488218,-7611.073002,975.875068
404,G,GLY404,-93.61157348465386,-4373.9327,813.9731999999999
405,D,ASP405,-420.4621075952892,-6732.075890000001,960.796
406,E,GLU406,-43.909603633832965,-2267.5182,1020.9106000000002
407,V,VAL407,-116.46374368807994,-4011.2179,65.04130000000004
408,R,ARG408,-742.6727190952894,-13314.482831999998,2339.2943410000003
409,Q,GLN409,-66.46129006067093,-4666.463100000001,1409.0625
410,I,ILE410,-7.2885404354032834,-1196.7782,0.0
411,A,ALA411,-42.2022154732334,-1977.838334,908.334
412,P,PRO412,-178.98945296966454,-4161.880541,293.28
413,G,GLY413,-110.34577047037823,-7941.41245,1204.124091
414,Q,GLN414,-143.10586245574598,-3939.05565,2005.343
415,T,THR415,-398.816239512491,-7268.780643,27.055199999999985
416,G,GLY416,-337.8522440199998,-7054.47195,952.67158
417,K,LYS417,-647.5727121350001,-7920.367099999999,2119.29815
418,I,ILE418,-22.36436545324768,-3765.2649,0.0
419,A,ALA419,-4.068952962169878,-1709.6553,0.0
420,D,ASP420,-161.00638157102063,-3594.492,283.40000000000003
421,Y,TYR421,-561.4994755174877,-6227.369200000001,141.482
422,N,ASN422,-5.887202712348322,-3519.0497,0.0
423,Y,TYR423,-17.042587687366165,-4728.16955,0.0
424,K,LYS424,-16.939074271234833,-5692.250049999999,924.3539999999998
425,L,LEU425,-5.594649670714287,-1915.03479,471.774851
426,P,PRO426,-59.566635758571394,-4222.375250000001,449.23
427,D,ASP427,-206.11998504949784,-7480.255499999999,1489.167
428,D,ASP428,-227.5624424759511,-7904.474090000001,541.136
429,F,PHE429,-53.048511408602145,-4078.7986,728.5385999999999
430,T,THR430,-113.92768402508963,-7815.724050000001,373.9046
431,G,GLY431,-9.139277895340502,-3830.6331,395.36660000000006
432,C,CYS432,-5.975254475304223,-2340.0282750000006,168.5657
433,V,VAL433,-32.40484783894059,-6166.17175,303.701
434,I,ILE434,-7.542071259842518,-2863.8646000000003,294.7818
435,A,ALA435,-12.781987734430922,-1930.3948,0.0
436,W,TRP436,-149.71665700787406,-7034.988177,330.3531
437,N,ASN437,-146.3894190808876,-7228.333650000001,999.1722
438,S,SER438,-56.204849450321674,-5823.9417,739.513287
439,N,ASN439,-94.23016627682404,-6747.12535,2725.9236010000004
440,N,ASN440,-456.889317279528,-9396.8635,1126.3539999999998
441,L,LEU441,-524.7142112753934,-10091.898249,1232.8457
442,D,ASP442,-165.11652177879012,-10029.048,490.83850000000007
443,S,SER443,-137.20938127185894,-4634.397247000001,824.8079
444,K,LYS444,-481.4089501385993,-9260.2401,4434.227523
445,V,VAL445,-630.6767373347623,-9991.92555,1276.4954999999998
446,G,GLY446,-476.76696801295117,-7943.8056000000015,549.12
447,G,GLY447,-146.16332575263164,-5926.173050000001,1131.306289
448,N,ASN448,-149.73907240191735,-7168.98985,991.421
449,Y,TYR449,-2223.9211236181163,-15521.944550000002,687.7266500000001
450,N,ASN450,-620.6548920756152,-8873.647550000002,1696.7685999999997
451,Y,TYR451,-87.57688107378222,-5142.976399999999,280.32000000000005
452,L,LEU452,-488.0453324949858,-11245.020474,277.147783
453,Y,TYR453,-308.46466612535795,-7370.41675,815.9884000000002
454,R,ARG454,-14.103941275787962,-2190.80845,318.5454
455,L,LEU455,-972.5257333560888,-6668.374430999999,159.517
456,F,PHE456,-1425.6637701122595,-8964.44865,444.5892
457,R,ARG457,-155.8160371676514,-3035.830804,1748.764
458,K,LYS458,-350.4408421659276,-5703.533706,1206.4232000000002
459,S,SER459,-102.75342546394053,-3286.373017,482.8398030000001
460,N,ASN460,-251.72956087912092,-4858.6767,1103.0265000000002
461,L,LEU461,-3.4187989377289374,-1505.86225,386.6504
462,K,LYS462,-92.83455453576585,-8248.5008,1279.5742
463,P,PRO463,-66.91482543750001,-6864.817550000001,433.3472
464,F,PHE464,-92.27484712789017,-7170.9818,238.51359999999997
465,E,GLU465,-108.11429219653178,-7727.743400000001,0.0
466,R,ARG466,-184.73779652169202,-9861.502225,1373.89
467,D,ASP467,-37.412322108679795,-8504.22305,0.0
468,I,ILE468,-277.517276972973,-7818.1802,0.0
469,S,SER469,-77.6694178599853,-4567.356100000001,547.4373999999998
470,T,THR470,-526.110662131287,-7024.354716,945.6408
471,E,GLU471,-147.42876125819672,-5510.3914,400.3103190000001
472,I,ILE472,-221.35278182732742,-5755.222400000001,1176.177861
473,Y,TYR473,-423.3610013427179,-7644.083500000001,396.2882000000001
474,Q,GLN474,-144.67034485267513,-3842.7202,841.1414000000001
475,A,ALA475,-832.0077387000003,-6234.3766,251.781
476,G,GLY476,-368.12417340653843,-4812.3194,475.7314905
477,S,SER477,-635.2451453299768,-10798.39115,1182.310305
478,T,THR478,-489.8399465959907,-8879.903311000002,1625.322
479,P,PRO479,-191.87947204849883,-8996.148000000001,481.273438
480,C,CYS480,-86.54268511187739,-5295.967369999999,305.2097
481,N,ASN481,-252.0140659378835,-6798.2557000000015,2996.7059
482,G,GLY482,-270.46935356096617,-5187.078799999999,465.33370000000014
483,V,VAL483,-822.0107718823746,-21631.13515,548.222
484,E,GLU484,-1690.6215778040632,-10631.009149999998,917.8218
485,G,GLY485,-713.0370573461242,-5883.3551,814.9815999999998
486,F,PHE486,-3631.8019547723475,-22084.748749999995,479.487
487,N,ASN487,-554.0698832397306,-7025.18795,2427.360008000001
488,C,CYS488,-111.97885702910443,-3654.9026,618.183
489,Y,TYR489,-2460.891687055717,-16984.13525,810.2047
490,F,PHE490,-1691.7365343839929,-11424.603320000002,1144.666491
491,P,PRO491,-89.13111012031702,-7174.5152,169.73789999999997
492,L,LEU492,-418.0016676518624,-7217.0339,1023.0255270000002
493,Q,GLN493,-1226.170160393982,-6996.800026,1217.7223009999998
494,S,SER494,-558.9623517267181,-6584.8035,771.9916000000001
495,Y,TYR495,-194.74130575501425,-5390.7244,711.016603
496,G,GLY496,-282.5974912714901,-6242.444,1223.455872
497,F,PHE497,-53.082118384312324,-7876.504399999999,276.969
498,Q,GLN498,-385.40231607452955,-7172.281649999999,1075.6142
499,P,PRO499,-312.0478361086005,-8155.459524999999,280.28
500,T,THR500,-575.4046079945336,-8610.012676999999,489.32
501,N,ASN501,-578.2630029543444,-9851.6292,770.6099999999999
502,G,GLY502,-316.19133093067063,-11236.0653,1475.71
503,V,VAL503,-490.9694056971222,-8937.7503,653.0824
504,G,GLY504,-126.40354284820148,-4570.243,1739.3170230000003
505,Y,TYR505,-1569.8910042897194,-12622.1622,501.9328
506,Q,GLN506,-94.13421449928062,-6198.18585,1259.991
507,P,PRO507,-14.91724827586207,-5272.003100000001,0.0
508,Y,TYR508,-181.34744049245143,-4874.304399999999,61.22900000000001
509,R,ARG509,-18.601587386657116,-2604.8589,1256.1275999999998
510,V,VAL510,-47.09167696877244,-7038.301100000001,0.0
511,V,VAL511,-45.15751013541667,-11332.506585,925.793625
512,V,VAL512,-7.85717643678161,-3381.3864000000003,431.1632
513,L,LEU513,-26.88227181883537,-6283.6421,120.781
514,S,SER514,-23.632661435786435,-2873.4089,0.0
515,F,PHE515,-34.60348361287988,-2816.7402,0.0
516,E,GLU516,-87.88972573855243,-6305.9404,310.229
517,L,LEU517,-139.8639606332046,-8529.950490000001,646.8106
518,L,LEU518,-107.31529123506286,-8926.207055,195.4285
519,H,HIS519,-265.2143548491485,-18635.68355,0.0
520,A,ALA520,-32.51377693898573,-3168.2534,205.577
521,P,PRO521,-53.95529877579518,-7550.4541,325.2783
522,A,ALA522,-17.555835577592728,-3252.88495,545.8946000000001
523,T,THR523,-21.037662377358487,-8513.519349999999,74.2181
524,V,VAL524,-12.502938159879337,-4215.62175,202.1486
525,C,CYS525,-17.699796351698115,-4470.4696,280.5554
526,G,GLY526,-10.28870886605784,-5115.46575,909.3349000000002
527,P,PRO527,-34.84433956637169,-4323.101559000001,0.0
528,K,LYS528,-55.66326893818183,-6689.909460999999,959.2072
529,K,LYS529,-31.663729422705316,-4136.09335,2863.530769
530,S,SER530,-14.355150471230157,-1979.6911,245.6939
531,T,THR531,-71.16473153486056,-5381.1917,0.0
532,N,ASN532,-60.905343237574556,-4535.213299999999,164.359
533,L,LEU533,-33.251349497995996,-4613.67605,261.04
534,V,VAL534,-52.23944859719439,-10438.916249999998,0.0
535,K,LYS535,-269.04222157730925,-19386.12075,376.7894999999996
536,N,ASN536,-122.82042743222895,-8509.6325,0.0
537,K,LYS537,-42.95084533232932,-5357.128283,963.882
538,C,CYS538,-28.433654405650863,-12360.554800000002,276.7292
539,V,VAL539,-80.74784391742197,-4026.0573,0.0
540,N,ASN540,-177.5910147161616,-13698.902641,581.1325999999999
541,F,PHE541,-96.47313507575758,-7577.39505,142.681
542,N,ASN542,-134.81546302474746,-9614.814827000002,546.5985500000002
543,F,PHE543,-55.60123937272727,-7721.89325,165.97299999999998
544,N,ASN544,-31.971475126008063,-2941.2863,529.9141999999999
545,G,GLY545,-12.492545322580645,-2464.498,293.28
546,L,LEU546,-27.156381565656563,-3205.78855,0.0
547,T,THR547,-48.83234607474747,-7697.8373,0.0
548,G,GLY548,-49.49866966632963,-9575.96435,586.9772
549,T,THR549,-54.39577494949496,-6590.9026,0.0
550,G,GLY550,-4.620727704752275,-1921.6557,143.4359
551,V,VAL551,-1.209129423660263,-1412.2976,109.7199
552,L,LEU552,-0.9814105156723963,-500.8813,0.0
553,T,THR553,-119.97814711830132,-9353.82545,219.9
554,E,GLU554,-46.48626624469161,-5278.201816,0.0
555,S,SER555,-75.03072259150659,-4813.2267,0.0
556,N,ASN556,-32.32184897775531,-2125.6622,6.951499999999996
557,K,LYS557,-56.84735050556117,-6323.54185,0.0
558,K,LYS558,-30.979635490394337,-5922.690549999999,513.2064
559,F,PHE559,-65.93928906882593,-6497.4317,0.0
560,L,LEU560,-59.65461988866397,-6889.687500000001,0.0
561,P,PRO561,-21.541538663967614,-7353.71575,0.0
562,F,PHE562,-108.31888494433198,-11993.494775,213.7205
563,Q,GLN563,-55.204395344129544,-5788.227850000001,0.0
564,Q,GLN564,-11.932987451971687,-2593.5124,242.369
565,F,PHE565,-51.271868730964464,-5945.097400000001,0.0
566,G,GLY566,-15.044992284263959,-2376.685299999999,0.0
567,R,ARG567,-34.256181654858295,-5183.768375,0.0
568,D,ASP568,-17.771464473684212,-3532.1974,0.0
569,I,ILE569,-35.210032742914976,-6140.301999999999,0.0
570,A,ALA570,-30.484302176113367,-4849.8688,0.0
571,D,ASP571,-27.617627670040484,-4922.0546,0.0
572,T,THR572,-15.571401113360324,-2764.6622,0.0
573,T,THR573,-0.46674319331983805,-439.8519,107.680675
574,D,ASP574,-3.123085757575758,-1298.3353,284.16
575,A,ALA575,-7.877677676767678,-3481.3367000000003,0.0
576,V,VAL576,-22.52472373333333,-10898.17615,0.0
577,R,ARG577,-5.49570505050505,-2487.2982,0.0
578,D,ASP578,-8.092632457230144,-7169.1797000000015,331.04910000000007
579,P,PRO579,-5.523093816138917,-2195.192496,0.0
580,Q,GLN580,-0.8584771004098362,-670.7964,523.8770249999999
581,T,THR581,-29.313700391215523,-6138.9163,0.0
582,L,LEU582,-18.722530456588352,-3909.450508,500.0425659999999
583,E,GLU583,-31.159732704081634,-5058.8824,0.0
584,I,ILE584,-21.05968695652174,-3301.5868000000005,0.0
585,L,LEU585,-20.273678507583416,-5184.149858,0.0
586,D,ASP586,-5.664069009100102,-2649.5631000000003,0.0
587,I,ILE587,-1.606981573604061,-1450.2923,316.2822
588,T,THR588,-7.535989570552148,-3851.3291,481.7856
589,P,PRO589,-30.435165806111698,-4727.4073,0.0
590,C,CYS590,-3.060007518401682,-2806.64905,424.2836
591,S,SER591,-3.5346718651211804,-1689.3731000000002,0.0
592,F,PHE592,-74.1489460748156,-13754.65745,495.04
593,G,GLY593,-3.5889887265135703,-873.0853999999999,253.8277
594,G,GLY594,-1.390408577405858,-1231.6384,820.1639999999999
595,V,VAL595,-5.347657644628099,-3148.4463,0.0
596,S,SER596,-1.5063198142414858,-1881.9786999999997,422.3548
597,V,VAL597,0.0,0.0,0.0
598,I,ILE598,0.234562306900103,0.0,227.76
599,T,THR599,0.0,0.0,0.0
600,P,PRO600,-4.884447991761071,-4742.799,0.0
601,G,GLY601,0.0,0.0,0.0
602,T,THR602,-3.353861791967044,-1221.3581,0.0
603,N,ASN603,-2.4699220391349126,-1995.216,313.828
604,T,THR604,-2.494375308959835,-926.22385,0.0
605,S,SER605,-2.3384104572605557,-997.315288,0.0
606,N,ASN606,1.872289167868177,-1004.268049,1582.0212359999996
607,Q,GLN607,-1.991786611740474,-1728.1075,463.4479
608,V,VAL608,0.0,0.0,0.0
609,A,ALA609,0.0,0.0,0.0
610,V,VAL610,0.0,0.0,0.0
611,L,LEU611,0.0,0.0,0.0
612,Y,TYR612,0.0,0.0,0.0
613,Q,GLN613,-9.228900669412976,-1747.8224499999997,266.8145
614,D,ASP614,-18.804944232749744,-5073.608,0.0
615,V,VAL615,-1.4382045314109164,-1396.4966,0.0
616,N,ASN616,-0.7248465499485067,-703.826,0.0
617,C,CYS617,0.0,0.0,0.0
618,T,THR618,-5.214872306100219,-3581.202633,0.0
619,E,GLU619,-7.349111578831312,-2063.808183,0.0
620,V,VAL620,-0.18908938547486034,-169.235,0.0
621,P,PRO621,0.0,0.0,0.0
622,V,VAL622,0.0,0.0,0.0
623,A,ALA623,0.0,0.0,0.0
624,I,ILE624,0.0,0.0,0.0
625,H,HIS625,0.0,0.0,0.0
626,A,ALA626,0.0,0.0,0.0
627,D,ASP627,0.0,0.0,0.0
628,Q,GLN628,0.0,0.0,0.0
629,L,LEU629,0.0,0.0,0.0
630,T,THR630,0.0,0.0,0.0
631,P,PRO631,0.0,0.0,0.0
632,T,THR632,0.0,0.0,0.0
633,W,TRP633,0.0,0.0,0.0
634,R,ARG634,-17.71974512043796,-4855.210163000001,0.0
635,V,VAL635,0.0,0.0,0.0
636,Y,TYR636,0.0,0.0,0.0
637,S,SER637,0.0,0.0,0.0
638,T,THR638,0.0,0.0,0.0
639,G,GLY639,0.0,0.0,0.0
640,S,SER640,0.0,0.0,0.0
641,N,ASN641,0.0,0.0,0.0
642,V,VAL642,0.0,0.0,0.0
643,F,PHE643,0.0,0.0,0.0
644,Q,GLN644,0.4176141975308643,0.0,405.9210000000001
645,T,THR645,-0.5023,-488.2356,0.0
646,R,ARG646,-22.07335863374486,-7233.425193999999,0.0
647,A,ALA647,-9.40357561728395,-1658.76685,0.0
648,G,GLY648,-0.03881532921810699,-37.7285,0.0
649,C,CYS649,0.0,0.0,0.0
650,L,LEU650,0.0,0.0,0.0
651,I,ILE651,0.0,0.0,0.0
652,G,GLY652,0.0,0.0,0.0
653,A,ALA653,0.0,0.0,0.0
654,E,GLU654,0.0,0.0,0.0
655,H,HIS655,0.0,0.0,0.0
656,V,VAL656,0.0,0.0,0.0
657,N,ASN657,0.0,0.0,0.0
658,N,ASN658,0.0,0.0,0.0
659,S,SER659,0.0,0.0,0.0
660,Y,TYR660,0.0,0.0,0.0
661,E,GLU661,-0.15451882716049387,-150.19230000000005,0.0
662,C,CYS662,-7.846711419753087,-1206.2713,0.0
663,D,ASP663,0.0,0.0,0.0
664,I,ILE664,0.0,0.0,0.0
665,P,PRO665,-10.160281412253376,-1188.1998,0.0
666,I,ILE666,-3.535728971962617,-792.3712,0.0
667,G,GLY667,-18.918947144340603,-2171.8494,0.0
668,A,ALA668,-32.81840872274143,-3486.6793,0.0
669,G,GLY669,-11.286212149532709,-1629.833,0.0
670,I,ILE670,-2.590382105809129,-950.3669,0.0
671,C,CYS671,-2.9943065843621404,-520.769,0.0
672,A,ALA672,0.0,0.0,0.0
673,S,SER673,0.0,0.0,0.0
674,Y,TYR674,0.0,0.0,0.0
675,Q,GLN675,0.0,0.0,0.0
676,T,THR676,0.0,0.0,0.0
677,V,VAL677,0.0,0.0,0.0
678,A,ALA678,0.0,0.0,0.0
679,C,CYS679,0.0,0.0,0.0
680,E,GLU680,0.0,0.0,0.0
681,H,HIS681,0.0,0.0,0.0
682,I,ILE682,0.0,0.0,0.0
683,S,SER683,0.0,0.0,0.0
684,S,SER684,0.0,0.0,0.0
685,T,THR685,0.0,0.0,0.0
686,S,SER686,0.0,0.0,0.0
687,V,VAL687,0.0,0.0,0.0
688,A,ALA688,0.0,0.0,0.0
689,S,SER689,0.0,0.0,0.0
690,Q,GLN690,-2.3196608017817373,-1019.0657,0.0
691,S,SER691,0.0,0.0,0.0
692,I,ILE692,0.0,0.0,0.0
693,I,ILE693,0.0,0.0,0.0
694,A,ALA694,0.0,0.0,0.0
695,Y,TYR695,0.0,0.0,0.0
696,T,THR696,-3.2676873958333337,-799.9082,0.0
697,M,MET697,-26.12692104166667,-3250.8401000000003,0.0
698,S,SER698,-1.3543697601668407,-611.4506000000001,0.0
699,L,LEU699,-71.33247251059323,-8675.7189,0.0
700,G,GLY700,-18.966008686440677,-2569.1898,0.0
701,A,ALA701,-25.187506627783673,-3060.7001,0.0
702,E,GLU702,-37.49303971367976,-5735.077400000001,0.0
703,N,ASN703,-48.18039909862142,-6252.4546,0.0
704,S,SER704,-20.149809086134454,-3133.019,0.0
705,V,VAL705,-69.81219227941176,-7593.4157,0.0
706,A,ALA706,-24.976322058823527,-3908.8523,741.8424
707,Y,TYR707,-109.54870357142858,-12395.8654,0.0
708,S,SER708,-16.213705304621847,-2342.99,0.0
709,N,ASN709,-35.939021060924375,-5142.496950000001,0.0
710,N,ASN710,-1.0509112836438923,-343.2868,0.0
711,S,SER711,-29.51506432264736,-3511.967,0.0
712,I,ILE712,-45.270816959669084,-6439.276399999999,0.0
713,A,ALA713,-22.220034439834027,-2913.9868,0.0
714,I,ILE714,-5.647234232365146,-1215.5104,0.0
715,P,PRO715,-8.348416493775932,-1005.2945,0.0
716,T,THR716,0.0,0.0,0.0
717,N,ASN717,0.0,0.0,0.0
718,F,PHE718,0.0,0.0,0.0
719,T,THR719,0.0,0.0,0.0
720,I,ILE720,0.0,0.0,0.0
721,S,SER721,0.0,0.0,0.0
722,V,VAL722,0.0,0.0,0.0
723,T,THR723,0.0,0.0,0.0
724,T,THR724,0.0,0.0,0.0
725,E,GLU725,0.0,0.0,0.0
726,I,ILE726,0.0,0.0,0.0
727,L,LEU727,0.0,0.0,0.0
728,P,PRO728,0.0,0.0,0.0
729,V,VAL729,0.0,0.0,0.0
730,S,SER730,0.0,0.0,0.0
731,M,MET731,0.0,0.0,0.0
732,T,THR732,0.0,0.0,0.0
733,K,LYS733,1.5915945191313339,-300.7905,534.1536
734,T,THR734,0.0,0.0,0.0
735,S,SER735,-5.690868769389865,-1140.5960999999998,0.0
736,V,VAL736,0.0,0.0,0.0
737,D,ASP737,-26.330951843846947,-5071.4711,0.0
738,C,CYS738,0.0,0.0,0.0
739,T,THR739,-2.2255613981385727,-790.367077,140.956
740,M,MET740,-42.05798591365048,-6730.395317999999,0.0
741,Y,TYR741,0.0,0.0,0.0
742,I,ILE742,0.0,0.0,0.0
743,C,CYS743,-0.01213848947368421,-11.531565,0.0
744,G,GLY744,-1.5472440868621067,-615.549,0.0
745,D,ASP745,-20.328219247252743,-3309.2025230000004,0.0
746,S,SER746,-0.48838241758241757,-444.428,0.0
747,T,THR747,-0.2263153846153846,-205.947,0.0
748,E,GLU748,0.0,0.0,0.0
749,C,CYS749,0.0,0.0,0.0
750,S,SER750,0.0,0.0,0.0
751,N,ASN751,-0.26836197802197803,-244.2094,0.0
752,L,LEU752,-0.5255961538461539,-478.2925,0.0
753,L,LEU753,0.0,0.0,0.0
754,L,LEU754,-3.5020204736842104,-1478.5582,4.387499999999946
755,Q,GLN755,-40.8469458464774,-4935.09435,0.0
756,Y,TYR756,-83.11539732142857,-13115.93245,0.0
757,G,GLY757,-4.251357039337474,-870.2182000000003,329.8436
758,S,SER758,-20.484857246376812,-2834.4924,0.0
759,F,PHE759,-59.40616811594202,-7849.63735,0.0
760,C,CYS760,0.0,0.0,0.0
761,T,THR761,-1.5380102378490177,-1129.2921,0.0
762,Q,GLN762,-16.20866380558428,-2811.3989,0.0
763,L,LEU763,-0.6946489141675285,-228.765,0.0
764,N,ASN764,-0.9209326783867631,-1074.3952,564.0838
765,R,ARG765,-4.401799705274042,-1847.961279,909.50513
766,A,ALA766,-1.7891223371251295,-549.7446000000001,148.219
767,L,LEU767,0.0,0.0,0.0
768,T,THR768,-5.416464219234747,-804.9854,0.0
769,G,GLY769,0.0,0.0,0.0
770,I,ILE770,0.0,0.0,0.0
771,A,ALA771,0.0,0.0,0.0
772,V,VAL772,0.0,0.0,0.0
773,E,GLU773,2.36300832466181,0.0,544.8252
774,Q,GLN774,-0.11137094172736732,-46.381375000000006,0.0
775,D,ASP775,-2.2823082726326747,-407.7366,0.0
776,K,LYS776,-5.862254630593131,-911.07,1185.2129
777,N,ASN777,-145.54451643229166,-6786.206300000002,0.0
778,T,THR778,0.0,0.0,0.0
779,Q,GLN779,0.12355015608740888,-147.77849999999995,574.9513999999999
780,E,GLU780,0.0,0.0,0.0
781,V,VAL781,0.0,0.0,0.0
782,F,PHE782,0.0,0.0,0.0
783,A,ALA783,0.0,0.0,0.0
784,Q,GLN784,-1.7885477249224406,-884.6088000000001,384.1348
785,V,VAL785,2.682194105480869,-290.3294,799.5138
786,K,LYS786,-2.894959358841779,-1677.4855,1040.6781
787,Q,GLN787,-22.90188045501551,-3228.470600000001,0.0
788,I,ILE788,-56.76923205791106,-7364.079500000001,0.0
789,Y,TYR789,-34.678271199586355,-5751.1404,0.0
790,K,LYS790,-52.16225811789039,-7307.602450000001,0.0
791,T,THR791,-0.20349089968976208,-178.53,172.3785
792,P,PRO792,-30.078624767321617,-3842.452,0.0
793,P,PRO793,-0.6768684591520167,-260.8368,0.0
794,I,ILE794,-5.495302223371252,-2395.0962,0.0
795,K,LYS795,0.0,0.0,0.0
796,D,ASP796,-30.866233712512926,-3813.1398,0.0
797,F,PHE797,-25.698613133402272,-3214.427800000001,0.0
798,G,GLY798,-1.3273526887280247,-352.3515,0.0
799,G,GLY799,0.0,0.0,0.0
800,F,PHE800,0.0,0.0,0.0
801,N,ASN801,0.0,0.0,0.0
802,F,PHE802,0.0,0.0,0.0
803,S,SER803,0.0,0.0,0.0
804,Q,GLN804,0.0,0.0,0.0
805,I,ILE805,0.0,0.0,0.0
806,L,LEU806,0.0,0.0,0.0
807,P,PRO807,0.0,0.0,0.0
808,D,ASP808,0.0,0.0,0.0
809,P,PRO809,0.0,0.0,0.0
810,S,SER810,0.0,0.0,0.0
811,K,LYS811,-0.3310083420229405,-317.43699999999995,0.0
812,P,PRO812,-12.124426175598632,-4705.692675000001,0.0
813,S,SER813,-13.882490842872008,-2053.7645999999995,0.0
814,K,LYS814,-14.542565504682623,-3091.6228,0.0
815,R,ARG815,-137.8603158316169,-14802.501073,0.0
816,S,SER816,-40.69184442430483,-4853.785747,0.0
817,F,PHE817,-2.5841769876416074,-2384.2157000000007,449.1945
818,I,ILE818,-40.48001356192426,-8713.467950000002,0.0
819,E,GLU819,-80.66002425434118,-7875.101459,0.0
820,D,ASP820,-32.798777433095,-4751.630382,0.0
821,L,LEU821,-4.439499233912156,-4346.26975,0.0
822,L,LEU822,-77.52152672216548,-7776.724850000002,0.0
823,F,PHE823,-198.66775493871296,-18172.122914,0.0
824,N,ASN824,-4.824531649484536,-1326.627,0.0
825,K,LYS825,-17.92194516648765,-9962.6306,480.9128
826,V,VAL826,-1.8600294731064761,-1029.234,0.0
827,T,THR827,-0.26652759948652116,-207.625,0.0
828,L,LEU828,0.0,0.0,0.0
829,A,ALA829,0.0,0.0,0.0
830,D,ASP830,0.0,0.0,0.0
831,A,ALA831,0.0,0.0,0.0
832,G,GLY832,0.0,0.0,0.0
833,F,PHE833,-5.817397077922077,-895.8791499999999,0.0
834,I,ILE834,-31.456363636363633,-4844.28,0.0
835,K,LYS835,-11.550506862745097,-1767.2275499999998,0.0
836,Q,GLN836,-25.382248,-3807.3372,0.0
837,G,GLY837,-95.14370342962962,-12844.399963,0.0
838,A,ALA838,0.0,0.0,0.0
839,N,ASN839,0.0,0.0,0.0
840,L,LEU840,-5.886746031746032,-741.73,0.0
841,R,ARG841,-29.45618387096774,-3652.5668,0.0
842,Q,GLN842,-17.28655275590551,-2195.3922,0.0
843,D,ASP843,-10.148439534883723,-1309.1487000000002,0.0
844,D,ASP844,0.0,0.0,0.0
845,S,SER845,-4.849901481481481,-654.7367,0.0
846,V,VAL846,-10.562264900662251,-1594.902,0.0
847,R,ARG847,0.0,0.0,0.0
848,D,ASP848,0.0,0.0,0.0
849,L,LEU849,-4.538424567474048,-855.0652,0.0
850,I,ILE850,-0.5470222222222222,-167.3888,0.0
851,C,CYS851,-6.629643787878787,-1124.9633,0.0
852,A,ALA852,-13.578986486486489,-2144.6063000000004,0.0
853,Q,GLN853,-2.503899376299377,-523.9795,19.022399999999948
854,K,LYS854,-23.168965404364574,-4988.589199999999,223.6873999999998
855,F,PHE855,-70.20130876259799,-12108.019950000002,0.0
856,N,ASN856,-6.211447242455775,-1590.4427,168.0577
857,G,GLY857,-8.478083488612837,-1738.94575,0.0
858,L,LEU858,-2.6916887538779726,-1420.0291500000003,113.06935
859,T,THR859,-16.411955015511893,-2573.2489000000005,13.193999999999988
860,V,VAL860,-2.3406658221302994,-528.77085,268.32
861,L,LEU861,-9.942658324715614,-1626.2599,0.0
862,P,PRO862,-47.15992341977225,-5620.229700000001,0.0
863,P,PRO863,-14.71787298136646,-1916.4731,0.0
864,L,LEU864,-54.92530398550725,-6838.002049999999,0.0
865,L,LEU865,-8.838572877846792,-1352.8491,0.0
866,T,THR866,-6.370934818840579,-1211.7813619999995,0.0
867,D,ASP867,0.0,0.0,0.0
868,E,GLU868,-5.0453007246376815,-3102.5615000000003,0.0
869,M,MET869,-35.64847637021717,-4050.654000000001,0.0
870,I,ILE870,0.0,0.0,0.0
871,A,ALA871,0.0,0.0,0.0
872,Q,GLN872,-10.535112978283351,-2297.4499,0.0
873,Y,TYR873,-34.140083764219234,-4617.2286,0.0
874,T,THR874,0.0,0.0,0.0
875,S,SER875,0.0,0.0,0.0
876,A,ALA876,0.0,0.0,0.0
877,L,LEU877,0.0,0.0,0.0
878,L,LEU878,0.0,0.0,0.0
879,A,ALA879,-0.8333017582417581,-289.8271,0.0
880,G,GLY880,-1.8866703296703298,-231.4075,0.0
881,T,THR881,0.0,0.0,0.0
882,I,ILE882,-2.7932619230769227,-1357.0884,0.0
883,T,THR883,-39.19100967032968,-4215.651100000001,0.0
884,S,SER884,-5.438501318681319,-628.2368,0.0
885,G,GLY885,0.0,0.0,0.0
886,W,TRP886,-26.710944829369183,-3299.1313999999998,0.0
887,T,THR887,-10.284107445708377,-1470.2922,0.0
888,F,PHE888,-1.3857234746639089,-540.2800000000001,0.0
889,G,GLY889,-18.74403133402275,-2484.6948,0.0
890,A,ALA890,-55.45306535677352,-6381.6163,0.0
891,G,GLY891,-4.825771458117891,-1707.9460000000004,497.6188999999997
892,A,ALA892,-17.058646173733194,-2615.6788,0.0
893,A,ALA893,-11.6643797311272,-1884.1924,0.0
894,L,LEU894,-52.966402068252336,-6041.0425000000005,0.0
895,Q,GLN895,-72.29977238883144,-8192.2915,0.0
896,I,ILE896,-35.52173738366081,-4302.33565,0.0
897,P,PRO897,-61.038935522233714,-7194.12445,0.0
898,F,PHE898,-8.436220268872802,-1068.6561,0.0
899,A,ALA899,-2.8345978800413656,-729.0430999999999,0.0
900,M,MET900,-38.61605930713547,-4885.9879,0.0
901,Q,GLN901,0.0,0.0,0.0
902,M,MET902,0.0,0.0,0.0
903,A,ALA903,-0.2398614270941055,-231.946,0.0
904,Y,TYR904,-70.85601417202074,-8813.335574,0.0
905,R,ARG905,0.0,0.0,0.0
906,F,PHE906,0.0,0.0,0.0
907,N,ASN907,-4.372997263702172,-1928.819966,1211.397062
908,G,GLY908,0.0,0.0,0.0
909,I,ILE909,0.0,0.0,0.0
910,G,GLY910,0.0,0.0,0.0
911,V,VAL911,0.0,0.0,0.0
912,T,THR912,-12.09593950361944,-1669.9823999999996,0.0
913,Q,GLN913,-38.13059601861427,-4703.8451000000005,0.0
914,N,ASN914,-33.8027012409514,-4195.90675,0.0
915,V,VAL915,0.0,0.0,0.0
916,L,LEU916,0.0,0.0,0.0
917,Y,TYR917,-92.61672421218488,-11626.72975,0.0
918,E,GLU918,-32.36467305672269,-4428.7634,0.0
919,N,ASN919,0.0,0.0,0.0
920,Q,GLN920,-20.386641014799153,-2886.4536,0.0
921,K,LYS921,-1.191084778012685,-838.9769000000001,977.2047000000002
922,L,LEU922,0.0,0.0,0.0
923,I,ILE923,0.0,0.0,0.0
924,A,ALA924,0.0,0.0,0.0
925,N,ASN925,0.0,0.0,0.0
926,Q,GLN926,0.0,0.0,0.0
927,F,PHE927,0.0,0.0,0.0
928,N,ASN928,0.0,0.0,0.0
929,S,SER929,0.0,0.0,0.0
930,A,ALA930,0.0,0.0,0.0
931,I,ILE931,0.0,0.0,0.0
932,G,GLY932,0.0,0.0,0.0
933,K,LYS933,0.0,0.0,0.0
934,I,ILE934,0.0,0.0,0.0
935,Q,GLN935,0.0,0.0,0.0
936,D,ASP936,0.0,0.0,0.0
937,S,SER937,0.0,0.0,0.0
938,L,LEU938,0.0,0.0,0.0
939,S,SER939,-0.9072075078206464,-870.012,0.0
940,S,SER940,0.0,0.0,0.0
941,T,THR941,0.0,0.0,0.0
942,A,ALA942,0.0,0.0,0.0
943,S,SER943,0.0,0.0,0.0
944,A,ALA944,0.0,0.0,0.0
945,L,LEU945,0.0,0.0,0.0
946,G,GLY946,0.0,0.0,0.0
947,K,LYS947,3.993359316770186,-477.16,1418.0855
948,L,LEU948,0.0,0.0,0.0
949,Q,GLN949,0.0,0.0,0.0
950,D,ASP950,0.0,0.0,0.0
951,V,VAL951,0.0,0.0,0.0
952,V,VAL952,0.0,0.0,0.0
953,N,ASN953,0.0,0.0,0.0
954,Q,GLN954,-0.47742781695966907,-231.03,0.0
955,N,ASN955,0.0,0.0,0.0
956,A,ALA956,0.0,0.0,0.0
957,Q,GLN957,0.58967949844881,-929.2746489999996,1342.946364
958,A,ALA958,2.108593887797311,-1.9767695,662.5047890000001
959,L,LEU959,0.0,0.0,0.0
960,N,ASN960,-4.192449068322981,-1844.4769,322.26199999999994
961,T,THR961,-17.888691695134575,-2573.6987000000004,0.0
962,L,LEU962,-1.042488923395445,-1007.0443,0.0
963,V,VAL963,-10.044542857142856,-2375.5451,0.0
964,K,LYS964,-13.981484316770185,-2655.7218,270.4511
965,Q,GLN965,-29.435536335403718,-5958.128000000001,148.24529999999987
966,L,LEU966,-2.963790217391304,-1505.0704999999998,0.0
967,S,SER967,-11.898433229813666,-2424.3142000000003,0.0
968,S,SER968,-18.140116977225674,-2603.7091,0.0
969,N,ASN969,-15.072469151138714,-2565.6382,0.0
970,F,PHE970,-74.70407577639752,-8439.1322,0.0
971,G,GLY971,-9.139459730848861,-2225.5124,0.0
972,A,ALA972,-1.7277249224405373,-846.0909999999999,305.53200000000004
973,I,ILE973,-5.1983585315408485,-1210.6497,0.0
974,S,SER974,0.0,0.0,0.0
975,S,SER975,-1.5097831437435367,-992.8684,0.0
976,V,VAL976,-7.118831328852121,-3959.525521,0.0
977,L,LEU977,0.0,0.0,0.0
978,N,ASN978,-11.674648655635988,-3227.1262999999994,0.0
979,D,ASP979,-9.11943309203723,-2090.465,0.0
980,I,ILE980,0.0,0.0,0.0
981,L,LEU981,-3.71518702171665,-822.3748,0.0
982,S,SER982,-24.69114922440538,-4446.9526000000005,0.0
983,R,ARG983,-56.01473032246376,-9346.496909,0.0
984,L,LEU984,-21.79706532091097,-3620.0116,0.0
985,D,ASP985,-18.62309561490683,-3546.1006,85.70090000000002
986,P,PRO986,-1.250971532091097,-1455.2518999999998,537.6448
987,P,PRO987,-16.55201858178054,-4150.5101,0.0
988,E,GLU988,-23.213509627329188,-3590.891699999999,144.64
989,A,ALA989,0.0,0.0,0.0
990,E,GLU990,-0.08036956521739132,-441.995,252.0486
991,V,VAL991,-0.5178810595238096,-451.446654,0.0
992,Q,GLN992,-7.934160248447203,-534.3496,0.0
993,I,ILE993,0.0,0.0,0.0
994,D,ASP994,-13.676013407867496,-2434.799892,0.0
995,R,ARG995,-13.173365362318842,-2770.3536660000004,0.0
996,L,LEU996,0.0,0.0,0.0
997,I,ILE997,0.0,0.0,0.0
998,T,THR998,-3.9901464720496898,-1336.1612,0.0
999,G,GLY999,-7.332673602484472,-1720.5942999999995,0.0
1000,R,ARG1000,0.0,0.0,0.0
1001,L,LEU1001,-3.6047051759834363,-1010.0285,75.5395
1002,Q,GLN1002,-20.62178247929607,-5248.392600000001,846.4331999999999
1003,S,SER1003,-7.202844151138716,-880.2753000000002,0.0
1004,L,LEU1004,0.0,0.0,0.0
1005,Q,GLN1005,-14.07147456049638,-2418.5403,0.0
1006,T,THR1006,-24.063763650465354,-3059.8271000000004,0.0
1007,Y,TYR1007,2.5244773009307133,0.0,559.981
1008,V,VAL1008,-0.08625656670113742,-293.8455,154.406
1009,T,THR1009,-20.075919441571873,-3116.4426000000003,0.0
1010,Q,GLN1010,-12.17850842812823,-2233.9682,0.0
1011,Q,GLN1011,0.0,0.0,0.0
1012,L,LEU1012,-24.660170837642198,-3493.0607999999997,0.0
1013,I,ILE1013,-52.234373170630825,-5346.369214,0.0
1014,R,ARG1014,0.7784694932781799,0.0,752.78
1015,A,ALA1015,0.0,0.0,0.0
1016,A,ALA1016,-6.375286581178904,-1401.764437,0.0
1017,E,GLU1017,-22.50938032368149,-3349.104612,249.7901
1018,I,ILE1018,0.0,0.0,0.0
1019,R,ARG1019,-23.81460313753878,-3552.804384,0.0
1020,A,ALA1020,-0.45972568872802483,-495.133258,84.86949999999999
1021,S,SER1021,0.0,0.0,0.0
1022,A,ALA1022,0.0,0.0,0.0
1023,N,ASN1023,-1.1561455015511892,-1274.2817,156.289
1024,L,LEU1024,-0.06475423991726989,-205.72535,143.108
1025,A,ALA1025,0.0,0.0,0.0
1026,A,ALA1026,0.0,0.0,0.0
1027,T,THR1027,-3.3797265263702174,-615.348327,0.0
1028,K,LYS1028,0.0,0.0,0.0
1029,M,MET1029,0.0,0.0,0.0
1030,S,SER1030,-28.112564632885213,-3765.3892,0.0
1031,E,GLU1031,-46.34581690796278,-5832.632000000001,0.0
1032,C,CYS1032,0.0,0.0,0.0
1033,V,VAL1033,0.0,0.0,0.0
1034,L,LEU1034,-20.71392037228542,-2478.2939,0.0
1035,G,GLY1035,-0.8083012409513962,-380.6905,234.7505
1036,Q,GLN1036,1.4981010858324717,-6.272700000000015,290.2554
1037,S,SER1037,-0.2660682523267839,-257.288,0.0
1038,K,LYS1038,-11.957352430196483,-2639.532,156.46109999999993
1039,R,ARG1039,-15.376580288521202,-3058.134959,2148.0952609999995
1040,V,VAL1040,-54.865905222337126,-6557.660099999999,0.0
1041,D,ASP1041,-18.232578903826262,-3536.1403,0.0
1042,F,PHE1042,-4.418193536711478,-960.9010999999998,0.0
1043,C,CYS1043,0.0,0.0,0.0
1044,G,GLY1044,0.29812857142857146,0.0,287.9922
1045,K,LYS1045,-9.916549741468458,-3133.7138000000004,766.9238000000001
1046,G,GLY1046,-22.645444777662878,-2775.0979,0.0
1047,Y,TYR1047,-40.42866830403309,-5124.976349999999,0.0
1048,H,HIS1048,0.0,0.0,0.0
1049,L,LEU1049,0.0,0.0,0.0
1050,M,MET1050,0.0,0.0,0.0
1051,S,SER1051,0.0,0.0,0.0
1052,F,PHE1052,0.0,0.0,0.0
1053,P,PRO1053,0.0,0.0,0.0
1054,Q,GLN1054,0.0,0.0,0.0
1055,S,SER1055,0.0,0.0,0.0
1056,A,ALA1056,0.0,0.0,0.0
1057,P,PRO1057,0.0,0.0,0.0
1058,H,HIS1058,0.0,0.0,0.0
1059,G,GLY1059,0.0,0.0,0.0
1060,V,VAL1060,0.0,0.0,0.0
1061,V,VAL1061,0.0,0.0,0.0
1062,F,PHE1062,0.0,0.0,0.0
1063,L,LEU1063,0.0,0.0,0.0
1064,H,HIS1064,0.0,0.0,0.0
1065,V,VAL1065,0.0,0.0,0.0
1066,T,THR1066,0.0,0.0,0.0
1067,Y,TYR1067,1.0942806618407448,-7.308099999999968,293.0844
1068,V,VAL1068,-8.878375801447776,-1430.3085,0.0
1069,P,PRO1069,-33.846819855222336,-4412.7984,0.0
1070,A,ALA1070,-2.0254653567735263,-655.5559000000001,0.0
1071,Q,GLN1071,-0.2747845915201655,-265.7167,0.0
1072,E,GLU1072,-11.911694208893483,-2055.975,0.0
1073,K,LYS1073,0.0,0.0,0.0
1074,N,ASN1074,1.5573199586349533,-167.5668,342.3558
1075,F,PHE1075,0.0,0.0,0.0
1076,T,THR1076,0.0,0.0,0.0
1077,T,THR1077,-14.772974663908995,-2159.6366,0.0
1078,A,ALA1078,-7.823177352637022,-1181.3236,0.0
1079,P,PRO1079,-44.72825651499483,-5250.1543,0.0
1080,A,ALA1080,-1.2439495346432266,-573.19,0.0
1081,I,ILE1081,0.0,0.0,0.0
1082,C,CYS1082,0.0,0.0,0.0
1083,H,HIS1083,0.0,0.0,0.0
1084,D,ASP1084,0.0,0.0,0.0
1085,G,GLY1085,0.0,0.0,0.0
1086,K,LYS1086,0.0,0.0,0.0
1087,A,ALA1087,0.0,0.0,0.0
1088,H,HIS1088,0.0,0.0,0.0
1089,F,PHE1089,-49.43376923474665,-5673.80665,0.0
1090,P,PRO1090,-10.670447673216131,-1883.0487,41.07699999999997
1091,R,ARG1091,-10.915293456049637,-2758.438079,1933.1480400000005
1092,E,GLU1092,0.09591437435367109,-263.0835,312.578
1093,G,GLY1093,-6.3986662874870746,-869.9299500000001,0.0
1094,V,VAL1094,-13.288429989658738,-2053.2263,0.0
1095,F,PHE1095,0.08577973112719746,-132.9619,146.874
1096,V,VAL1096,0.0,0.0,0.0
1097,S,SER1097,0.0,0.0,0.0
1098,N,ASN1098,0.0,0.0,0.0
1099,G,GLY1099,0.0,0.0,0.0
1100,T,THR1100,0.0,0.0,0.0
1101,H,HIS1101,0.0,0.0,0.0
1102,W,TRP1102,0.0,0.0,0.0
1103,F,PHE1103,0.0,0.0,0.0
1104,V,VAL1104,0.0,0.0,0.0
1105,T,THR1105,0.0,0.0,0.0
1106,Q,GLN1106,0.0,0.0,0.0
1107,R,ARG1107,-57.572654908902706,-7500.650239000001,0.0
1108,N,ASN1108,-10.536356308169596,-1763.8516500000003,0.0
1109,F,PHE1109,0.0,0.0,0.0
1110,Y,TYR1110,0.0,0.0,0.0
1111,E,GLU1111,-4.149292554291623,-751.37375,0.0
1112,P,PRO1112,0.0,0.0,0.0
1113,Q,GLN1113,-6.101519855222336,-1083.1195,0.0
1114,I,ILE1114,0.0,0.0,0.0
1115,I,ILE1115,0.0,0.0,0.0
1116,T,THR1116,0.0,0.0,0.0
1117,T,THR1117,0.0,0.0,0.0
1118,D,ASP1118,-8.19760534436401,-2451.3305000000005,0.0
1119,N,ASN1119,0.5210056949327818,0.0,503.812507
1120,T,THR1120,0.0,0.0,0.0
1121,F,PHE1121,-29.948835248447207,-4852.13945,0.0
1122,V,VAL1122,-7.4278608066184075,-1454.741,0.0
1123,S,SER1123,-12.450680041365047,-1610.4174999999998,0.0
1124,G,GLY1124,-7.386308996897623,-1368.5396999999998,0.0
1125,N,ASN1125,0.5264529472595657,0.0,271.96000000000004
1126,C,CYS1126,0.0,0.0,0.0
1127,D,ASP1127,0.0,0.0,0.0
1128,V,VAL1128,-18.58620297494781,-2638.2825000000003,0.0
1129,V,VAL1129,-31.191768945720252,-3400.2347000000004,0.0
1130,I,ILE1130,-34.809043612565446,-4610.743,0.0
1131,G,GLY1131,0.0,0.0,0.0
1132,I,ILE1132,0.0,0.0,0.0
1133,V,VAL1133,0.0,0.0,0.0
1134,N,ASN1134,0.0,0.0,0.0
1135,N,ASN1135,0.0,0.0,0.0
1136,T,THR1136,0.0,0.0,0.0
1137,V,VAL1137,0.0,0.0,0.0
1138,Y,TYR1138,0.0,0.0,0.0
1139,D,ASP1139,0.5400761146496815,0.0,250.6935
1140,P,PRO1140,-1.1462880169671261,-275.2604,0.0
1141,L,LEU1141,-29.49378937568456,-4650.0908,0.0
1142,Q,GLN1142,-8.093144456641053,-4265.9881,324.952
1143,P,PRO1143,-2.658731119648737,-2422.1040499999995,0.0
1144,E,GLU1144,-23.439266575192093,-4891.5963,257.439
1145,L,LEU1145,-56.20734588325471,-11641.3905,148.9506
1146,D,ASP1146,-16.8056088983269,-6444.6075980000005,0.0
1147,S,SER1147,-15.040343585537917,-2280.0911,0.0
1148,E,GLU1148,-693.7576621666668,-14432.298950000002,123.25000000000004
1149,K,LYS1149,-418.16015183783776,-7240.41685,0.0
1150,V,VAL1150,-878.6085833333334,-5581.1749,455.6016
1151,S,SER1151,-251.28613448275863,-7222.336450000001,0.0
1152,A,ALA1152,-584.2902340512821,-7375.416000000001,0.0
1153,Y,TYR1153,-234.6979694700855,-5891.925848,0.0
1154,G,GLY1154,-53.59858803418804,-2222.5336,0.0
1155,L,LEU1155,-604.3781651709402,-10297.7985,0.0
1156,C,CYS1156,-950.9838917008547,-16527.993279000002,0.0
1157,D,ASP1157,-205.5778582105263,-8401.7391,0.0
1158,A,ALA1158,-97.35623451327433,-3627.3639,0.0
1159,A,ALA1159,-178.6771575221239,-5525.06105,0.0
1160,N,ASN1160,-137.46120224719098,-3190.2508000000003,0.0
1161,P,PRO1161,-171.23253238636363,-3983.8708,0.0
1162,T,THR1162,-128.93718202702703,-3677.121499,0.0
1163,N,ASN1163,-133.32957149230768,-3350.6391,0.0
1164,C,CYS1164,-185.0131909090909,-5039.2504,0.0
1165,I,ILE1165,-42.52802692307692,-1267.2943,0.0
1166,A,ALA1166,-49.02187857142857,-3088.37835,0.0
1167,P,PRO1167,0.0,0.0,0.0
1168,V,VAL1168,0.0,0.0,0.0
1169,N,ASN1169,0.0,0.0,0.0
1170,G,GLY1170,0.0,0.0,0.0
1171,Y,TYR1171,0.0,0.0,0.0
1172,F,PHE1172,0.0,0.0,0.0
1173,I,ILE1173,-29.607993650793652,-489.7528,0.0
1174,K,LYS1174,-2226.5692336065576,-7335.214800000001,0.0
1175,T,THR1175,-691.1752895161292,-3254.10005,0.0
1176,N,ASN1176,-3586.899783620689,-11352.4011,0.0
1177,N,ASN1177,-821.4935420000002,-2040.6741500000005,0.0
1178,T,THR1178,-3053.94866992,-7212.9299,0.0
1179,R,ARG1179,-6345.094402148936,-14061.078021,0.0
1180,I,ILE1180,-1048.7198280000002,-3257.7838,0.0
1181,V,VAL1181,-1917.956681,-5493.4342,0.0
1182,D,ASP1182,-282.87888431372556,-2642.2172,563.641
1183,E,GLU1183,-683.6664718412699,-3853.4652,792.5118009999999
1184,W,TRP1184,-320.97438650793646,-1193.241,0.0
1185,S,SER1185,0.0,0.0,0.0
1186,Y,TYR1186,0.0,0.0,0.0
1187,T,THR1187,0.0,0.0,0.0
1188,G,GLY1188,0.0,0.0,0.0
1189,S,SER1189,0.0,0.0,0.0
1190,S,SER1190,0.0,0.0,0.0
1191,F,PHE1191,0.0,0.0,0.0
1192,Y,TYR1192,-1.045233606557377,-63.75925,0.0
1193,A,ALA1193,0.0,0.0,0.0
1194,P,PRO1194,-64.52564516129033,-177.21,0.0
1195,E,GLU1195,-184.05822580645165,-638.3404,0.0
1196,P,PRO1196,-711.3413032258067,-2258.4043,0.0
1197,I,ILE1197,0.0,0.0,0.0
1198,T,THR1198,0.0,0.0,0.0
1199,S,SER1199,0.0,0.0,0.0
1200,L,LEU1200,0.0,0.0,0.0
1201,N,ASN1201,0.0,0.0,0.0
1202,T,THR1202,0.0,0.0,0.0
1203,K,LYS1203,0.0,0.0,0.0
1204,Y,TYR1204,0.0,0.0,0.0
1205,V,VAL1205,0.0,0.0,0.0
1206,A,ALA1206,0.0,0.0,0.0
1207,P,PRO1207,0.0,0.0,0.0
1208,Q,GLN1208,0.0,0.0,0.0
1209,V,VAL1209,0.0,0.0,0.0
1210,T,THR1210,0.0,0.0,0.0
1211,Y,TYR1211,0.0,0.0,0.0
1212,Q,GLN1212,-183.12325052083335,-1035.4395000000002,0.0
1213,N,ASN1213,0.0,0.0,0.0
1214,I,ILE1214,0.0,0.0,0.0
1215,S,SER1215,-125.13629166666665,-691.8102,0.0
1216,T,THR1216,-617.4295614583333,-2585.6474000000003,629.5087000000001
1217,N,ASN1217,-350.75368541666666,-1139.6467,0.0
1218,L,LEU1218,0.0,0.0,0.0
1219,P,PRO1219,10.3060625,0.0,165.435
1220,P,PRO1220,0.0,0.0,0.0
1221,P,PRO1221,0.0,0.0,0.0
1222,L,LEU1222,0.0,0.0,0.0
1223,L,LEU1223,0.0,0.0,0.0
1224,I,ILE1224,0.0,0.0,0.0
1225,V,VAL1225,0.0,0.0,0.0
1226,N,ASN1226,0.0,0.0,0.0
1227,N,ASN1227,0.0,0.0,0.0
1228,T,THR1228,0.0,0.0,0.0
1229,V,VAL1229,0.0,0.0,0.0
1230,Y,TYR1230,-251.23239999999998,-1477.4112,0.0
1231,D,ASP1231,-1432.05866875,-7185.83315,0.0
1232,P,PRO1232,-2055.485527749999,-11171.915149999995,0.0
1233,L,LEU1233,-298.9207375,-2391.3659,0.0
1234,Q,GLN1234,-520.7372625,-2735.6549000000005,0.0
1235,P,PRO1235,-1496.025193,-6404.682307,0.0
1236,E,GLU1236,-722.4869337499999,-3725.123663,0.0
1237,L,LEU1237,0.0,0.0,0.0
1238,D,ASP1238,-2826.7884875,-12015.48315,0.0
1239,S,SER1239,-3389.50962025,-14493.648962,0.0
1240,K,LYS1240,-265.3056499999999,-925.9225999999996,0.0
1241,N,ASN1241,-1365.2659,-1365.2659,-1365.2659
1242,V,VAL1242,-2315.71515,-2315.71515,-2315.71515
1243,S,SER1243,-2061.28235,-2061.28235,-2061.28235
9215,E,GLU9215,0.0,0.0,0.0
9216,P,PRO9216,0.0,0.0,0.0
9217,E,GLU9217,0.0,0.0,0.0
