site,label_site,wildtype,mutation,condition,protein_site,protein_chain,mut_average_interact,mut_min_interact,mut_max_interact,site_average_interact,site_min_interact,site_max_interact
41,K41,K,K,ACE2_Complex,41,B,0,0,0,0,0,0
43,F43,F,K,ACE2_Complex,43,B,0,0,0,0,0,0
48,L48,L,K,ACE2_Complex,48,B,0,0,0,0,0,0
75,G75,G,K,ACE2_Complex,75,B,0,0,0,0,0,0
77,K77,K,K,ACE2_Complex,77,B,0,0,0,0,0,0
95,T95,T,K,ACE2_Complex,95,B,0,0,0,0,0,0
97,K97,K,K,ACE2_Complex,97,B,0,0,0,0,0,0
111,D111,D,K,ACE2_Complex,111,B,0,0,0,0,0,0
113,K113,K,K,ACE2_Complex,113,B,0,0,0,0,0,0
127,V127,V,K,ACE2_Complex,127,B,0,0,0,0,0,0
129,K129,K,K,ACE2_Complex,129,B,0,0,0,0,0,0
147,K147,K,K,ACE2_Complex,147,B,0,0,0,0,0,0
150,K150,K,K,ACE2_Complex,150,B,0,0,0,0,0,0
154,E154,E,K,ACE2_Complex,154,B,0,0,0,0,0,0
182,K182,K,K,ACE2_Complex,182,B,0,0,0,0,0,0
184,G184,G,K,ACE2_Complex,184,B,0,0,0,0,0,0
185,N185,N,K,ACE2_Complex,185,B,0,0,0,0,0,0
187,K187,K,K,ACE2_Complex,187,B,0,0,0,0,0,0
190,R190,R,K,ACE2_Complex,190,B,0,0,0,0,0,0
192,F192,F,K,ACE2_Complex,192,B,0,0,0,0,0,0
193,V193,V,K,ACE2_Complex,193,B,0,0,0,0,0,0
195,K195,K,K,ACE2_Complex,195,B,0,0,0,0,0,0
197,I197,I,K,ACE2_Complex,197,B,0,0,0,0,0,0
199,G199,G,K,ACE2_Complex,199,B,0,0,0,0,0,0
200,Y200,Y,K,ACE2_Complex,200,B,0,0,0,0,0,0
201,F201,F,K,ACE2_Complex,201,B,0,0,0,0,0,0
202,K202,K,K,ACE2_Complex,202,B,0,0,0,0,0,0
203,I203,I,K,ACE2_Complex,203,B,0,0,0,0,0,0
204,Y204,Y,K,ACE2_Complex,204,B,0,0,0,0,0,0
206,K206,K,K,ACE2_Complex,206,B,0,0,0,0,0,0
275,F275,F,K,ACE2_Complex,275,B,0,0,0,0,0,0
276,L276,L,K,ACE2_Complex,276,B,0,0,0,0,0,0
278,K278,K,K,ACE2_Complex,278,B,0,0,0,0,0,0
297,S297,S,K,ACE2_Complex,297,B,0,0,0,0,0,0
298,E298,E,K,ACE2_Complex,298,B,0,0,0,0,0,0
300,K300,K,K,ACE2_Complex,300,B,0,0,0,0,0,0
301,C301,C,K,ACE2_Complex,301,B,0,0,0,0,0,0
302,T302,T,K,ACE2_Complex,302,B,0,0,0,0,0,0
304,K304,K,K,ACE2_Complex,304,B,0,0,0,0,0,0
307,T307,T,K,ACE2_Complex,307,B,0,0,0,0,0,0
308,V308,V,K,ACE2_Complex,308,B,0,0,0,0,0,0
310,K310,K,K,ACE2_Complex,310,B,0,0,0,0,0,0
346,R346,R,K,ACE2_Complex,346,B,0,0,0,-2.294222318,-2.294222318,-2.294222318
353,W353,W,K,ACE2_Complex,353,B,0,0,0,-0.033058756,-0.033058756,-0.033058756
354,N354,N,K,ACE2_Complex,354,B,0,0,0,-0.506742415,-0.506742415,-0.506742415
356,K356,K,K,ACE2_Complex,356,B,-0.121693804,-0.121693804,-0.121693804,-0.121693804,-0.121693804,-0.121693804
357,R357,R,K,ACE2_Complex,357,B,0,0,0,-1.389584534,-1.389584534,-1.389584534
375,S375,S,K,ACE2_Complex,375,B,0,0,0,-0.263060276,-0.522067131,-0.002168188
376,T376,T,K,ACE2_Complex,376,B,0,0,0,0,0,0
378,K378,K,K,ACE2_Complex,378,B,0,0,0,0,0,0
383,S383,S,K,ACE2_Complex,383,B,0,0,0,0,0,0
384,P384,P,K,ACE2_Complex,384,B,0,0,0,0,0,0
386,K386,K,K,ACE2_Complex,386,B,0,0,0,0,0,0
403,R403,R,K,ACE2_Complex,403,B,0.047000518,0.013890034,0.103296798,-0.071450198,-0.966721518,1.083195785
414,Q414,Q,K,ACE2_Complex,414,B,-0.226477534,-0.898098697,0.1128493609589999,-0.226477534,-0.898098697,0.1128493609589999
415,T415,T,K,ACE2_Complex,415,B,-0.101550703,-0.386736095,-0.00909553,-0.101550703,-0.386736095,-0.00909553
417,K417,K,K,ACE2_Complex,417,B,-0.606361434,-1.397368947,0.5156977987149999,-0.502721764,-1.397368947,0.5156977987149999
421,Y421,Y,K,ACE2_Complex,421,B,0,0,0,-0.045172913,-0.242655925,0.010944255
422,N422,N,K,ACE2_Complex,422,B,0,0,0,0,0,0
424,K424,K,K,ACE2_Complex,424,B,0,0,0,0,0,0
437,N437,N,K,ACE2_Complex,437,B,0,0,0,0.069170163,-0.100753323,0.185873463
439,N439,N,K,ACE2_Complex,439,B,-1.177798189,-1.307444864,-1.048151515,-0.68814382,-1.307444864,0.035521702
440,N440,N,K,ACE2_Complex,440,B,0,0,0,0,0,0
441,L441,L,K,ACE2_Complex,441,B,0,0,0,0,0,0
442,D442,D,K,ACE2_Complex,442,B,0,0,0,-0.066129166,-0.093967381,-0.038290951
444,K444,K,K,ACE2_Complex,444,B,0,0,0,-0.051070859,-0.159626218,0.016917535
445,V445,V,K,ACE2_Complex,445,B,0,0,0,-0.076332679,-1.024467002,-0.001283148
452,L452,L,K,ACE2_Complex,452,B,0,0,0,-0.478268016,-0.782945538,0.009755929
455,L455,L,K,ACE2_Complex,455,B,0,0,0,-0.594281657,-1.440118163,-0.005969728
456,F456,F,K,ACE2_Complex,456,B,0,0,0,-0.719167271,-1.562936435,0.058161881
458,K458,K,K,ACE2_Complex,458,B,-0.23685244,-1.069447978,0.193278265,-0.23685244,-1.069447978,0.193278265
459,S459,S,K,ACE2_Complex,459,B,0,0,0,-0.355707084,-0.640451326,-0.110980444
460,N460,N,K,ACE2_Complex,460,B,0,0,0,-1.054633947,-1.244708813,-0.864559081
462,K462,K,K,ACE2_Complex,462,B,-0.177136869,-0.37980064,0.025526901,-0.177136869,-0.37980064,0.025526901
475,A475,A,K,ACE2_Complex,475,B,0.3390830045999999,0.3390830045999999,0.3390830045999999,-0.556628272,-1.379419741,0.3390830045999999
476,G476,G,K,ACE2_Complex,476,B,0,0,0,-0.108469149,-0.97774941,0.237511279
478,T478,T,K,ACE2_Complex,478,B,-0.135033755,-0.621396209,0.111387748,-0.07314365,-0.666092135,0.111387748
481,N481,N,K,ACE2_Complex,481,B,-0.020614091,-0.036684045,-0.006888148,-0.264212092,-0.93386678,-0.006888148
484,E484,E,K,ACE2_Complex,484,B,0.093921277,-0.07282745,0.5485417784120001,-0.31447827,-1.608038788,0.5485417784120001
493,Q493,Q,K,ACE2_Complex,493,B,-0.646615733,-0.85220078,-0.441030687,-0.856057202,-2.524941406,0.7195366830075001
525,C525,C,K,ACE2_Complex,525,B,0,0,0,0,0,0
526,G526,G,K,ACE2_Complex,526,B,0,0,0,0,0,0
527,P527,P,K,ACE2_Complex,527,B,0,0,0,0,0,0
528,K528,K,K,ACE2_Complex,528,B,0,0,0,0,0,0
529,K529,K,K,ACE2_Complex,529,B,0,0,0,0,0,0
532,N532,N,K,ACE2_Complex,532,B,0,0,0,0,0,0
533,L533,L,K,ACE2_Complex,533,B,0,0,0,0,0,0
534,V534,V,K,ACE2_Complex,534,B,0,0,0,0,0,0
535,K535,K,K,ACE2_Complex,535,B,0,0,0,0,0,0
537,K537,K,K,ACE2_Complex,537,B,0,0,0,0,0,0
544,N544,N,K,ACE2_Complex,544,B,0,0,0,0,0,0
547,T547,T,K,ACE2_Complex,547,B,0,0,0,0,0,0
554,E554,E,K,ACE2_Complex,554,B,0,0,0,0,0,0
555,S555,S,K,ACE2_Complex,555,B,0,0,0,0,0,0
556,N556,N,K,ACE2_Complex,556,B,0,0,0,0,0,0
557,K557,K,K,ACE2_Complex,557,B,0,0,0,0,0,0
558,K558,K,K,ACE2_Complex,558,B,0,0,0,0,0,0
730,S730,S,K,ACE2_Complex,730,B,0,0,0,0,0,0
731,M731,M,K,ACE2_Complex,731,B,0,0,0,0,0,0
733,K733,K,K,ACE2_Complex,733,B,0,0,0,0,0,0
761,T761,T,K,ACE2_Complex,761,B,0,0,0,0,0,0
764,N764,N,K,ACE2_Complex,764,B,0,0,0,0,0,0
773,E773,E,K,ACE2_Complex,773,B,0,0,0,0,0,0
774,Q774,Q,K,ACE2_Complex,774,B,0,0,0,0,0,0
776,K776,K,K,ACE2_Complex,776,B,0,0,0,0,0,0
783,A783,A,K,ACE2_Complex,783,B,0,0,0,0,0,0
784,Q784,Q,K,ACE2_Complex,784,B,0,0,0,0,0,0
786,K786,K,K,ACE2_Complex,786,B,0,0,0,0,0,0
787,Q787,Q,K,ACE2_Complex,787,B,0,0,0,0,0,0
788,I788,I,K,ACE2_Complex,788,B,0,0,0,0,0,0
790,K790,K,K,ACE2_Complex,790,B,0,0,0,0,0,0
792,P792,P,K,ACE2_Complex,792,B,0,0,0,0,0,0
793,P793,P,K,ACE2_Complex,793,B,0,0,0,0,0,0
795,K795,K,K,ACE2_Complex,795,B,0,0,0,0,0,0
808,D808,D,K,ACE2_Complex,808,B,0,0,0,0,0,0
809,P809,P,K,ACE2_Complex,809,B,0,0,0,0,0,0
811,K811,K,K,ACE2_Complex,811,B,0,0,0,0,0,0
812,P812,P,K,ACE2_Complex,812,B,0,0,0,0,0,0
814,K814,K,K,ACE2_Complex,814,B,0,0,0,0,0,0
822,L822,L,K,ACE2_Complex,822,B,0,0,0,0,0,0
823,F823,F,K,ACE2_Complex,823,B,0,0,0,0,0,0
825,K825,K,K,ACE2_Complex,825,B,0,0,0,0,0,0
832,G832,G,K,ACE2_Complex,832,B,0,0,0,0,0,0
835,K835,K,K,ACE2_Complex,835,B,0,0,0,0,0,0
851,C851,C,K,ACE2_Complex,851,B,0,0,0,0,0,0
852,A852,A,K,ACE2_Complex,852,B,0,0,0,0,0,0
853,Q853,Q,K,ACE2_Complex,853,B,0,0,0,0,0,0
854,K854,K,K,ACE2_Complex,854,B,0,0,0,0,0,0
856,N856,N,K,ACE2_Complex,856,B,0,0,0,0,0,0
860,V860,V,K,ACE2_Complex,860,B,0,0,0,0,0,0
918,E918,E,K,ACE2_Complex,918,B,0,0,0,0,0,0
919,N919,N,K,ACE2_Complex,919,B,0,0,0,0,0,0
921,K921,K,K,ACE2_Complex,921,B,0,0,0,0,0,0
927,F927,F,K,ACE2_Complex,927,B,0,0,0,0,0,0
930,A930,A,K,ACE2_Complex,930,B,0,0,0,0,0,0
931,I931,I,K,ACE2_Complex,931,B,0,0,0,0,0,0
933,K933,K,K,ACE2_Complex,933,B,0,0,0,0,0,0
939,S939,S,K,ACE2_Complex,939,B,0,0,0,0,0,0
944,A944,A,K,ACE2_Complex,944,B,0,0,0,0,0,0
945,L945,L,K,ACE2_Complex,945,B,0,0,0,0,0,0
947,K947,K,K,ACE2_Complex,947,B,0,0,0,0,0,0
953,N953,N,K,ACE2_Complex,953,B,0,0,0,0,0,0
961,T961,T,K,ACE2_Complex,961,B,0,0,0,0,0,0
962,L962,L,K,ACE2_Complex,962,B,0,0,0,0,0,0
964,K964,K,K,ACE2_Complex,964,B,0,0,0,0,0,0
966,L966,L,K,ACE2_Complex,966,B,0,0,0,0,0,0
969,N969,N,K,ACE2_Complex,969,B,0,0,0,0,0,0
970,F970,F,K,ACE2_Complex,970,B,0,0,0,0,0,0
1025,A1025,A,K,ACE2_Complex,1025,B,0,0,0,0,0,0
1026,A1026,A,K,ACE2_Complex,1026,B,0,0,0,0,0,0
1028,K1028,K,K,ACE2_Complex,1028,B,0,0,0,0,0,0
1034,L1034,L,K,ACE2_Complex,1034,B,0,0,0,0,0,0
1035,G1035,G,K,ACE2_Complex,1035,B,0,0,0,0,0,0
1036,Q1036,Q,K,ACE2_Complex,1036,B,0,0,0,0,0,0
1038,K1038,K,K,ACE2_Complex,1038,B,0,0,0,0,0,0
1042,F1042,F,K,ACE2_Complex,1042,B,0,0,0,0,0,0
1043,C1043,C,K,ACE2_Complex,1043,B,0,0,0,0,0,0
1044,G1044,G,K,ACE2_Complex,1044,B,0,0,0,0,0,0
1045,K1045,K,K,ACE2_Complex,1045,B,0,0,0,0,0,0
1051,S1051,S,K,ACE2_Complex,1051,B,0,0,0,0,0,0
1070,A1070,A,K,ACE2_Complex,1070,B,0,0,0,0,0,0
1071,Q1071,Q,K,ACE2_Complex,1071,B,0,0,0,0,0,0
1073,K1073,K,K,ACE2_Complex,1073,B,0,0,0,0,0,0
1079,P1079,P,K,ACE2_Complex,1079,B,0,0,0,0,0,0
1083,H1083,H,K,ACE2_Complex,1083,B,0,0,0,0,0,0
1084,D1084,D,K,ACE2_Complex,1084,B,0,0,0,0,0,0
1086,K1086,K,K,ACE2_Complex,1086,B,0,0,0,0,0,0
1092,E1092,E,K,ACE2_Complex,1092,B,0,0,0,0,0,0
1149,K1149,K,K,ACE2_Complex,1149,B,0,0,0,0,0,0
1154,K1154,K,K,ACE2_Complex,1154,B,0,0,0,0,0,0
1157,K1157,K,K,ACE2_Complex,1157,B,0,0,0,0,0,0
22,T22,T,K,AB_Complex,22,B,0,0,0,0,0,0
38,Y38,Y,K,AB_Complex,38,B,0,0,0,0,0,0
41,K41,K,K,AB_Complex,41,B,-0.14689258,-0.188474123,-0.004557698,-0.14689258,-0.188474123,-0.004557698
43,F43,F,K,AB_Complex,43,B,0,0,0,-0.551989555,-0.586103115,-0.511576466
44,R44,R,K,AB_Complex,44,B,0,0,0,-0.427724493,-0.477173972,-0.314290457
51,T51,T,K,AB_Complex,51,B,0,0,0,0,0,0
53,D53,D,K,AB_Complex,53,B,-0.720928524,-0.808434867,-0.63342218,-0.720928524,-0.808434867,-0.63342218
58,F58,F,K,AB_Complex,58,B,-0.121987929,-0.163666742,-0.080309117,-0.186668727,-0.295675477,-0.080309117
64,W64,W,K,AB_Complex,64,B,0,0,0,-0.550551812,-1.063940762,-0.183670855
75,G75,G,K,AB_Complex,75,B,0,0,0,-0.021575582,-0.07652024,0.021521665
77,K77,K,K,AB_Complex,77,B,-0.647105193,-1.17299843,-0.169274905,-0.647105193,-1.17299843,-0.169274905
78,R78,R,K,AB_Complex,78,B,0,0,0,-0.049303054,-0.118291929,-0.007871745
79,F79,F,K,AB_Complex,79,B,0,0,0,-0.002585686,-0.002585686,-0.002585686
83,V83,V,K,AB_Complex,83,B,0,0,0,-0.794288916,-1.046420415,-0.371489208
89,G89,G,K,AB_Complex,89,B,-0.001716411,-0.001716411,-0.001716411,-0.003319388,-0.003853714,-0.001716411
94,S94,S,K,AB_Complex,94,B,0,0,0,0,0,0
95,T95,T,K,AB_Complex,95,B,0,0,0,-0.002930428,-0.002930428,-0.002930428
97,K97,K,K,AB_Complex,97,B,-0.855314325,-2.18172463,0.2279097414380001,-0.855314325,-2.18172463,0.2279097414380001
98,S98,S,K,AB_Complex,98,B,0,0,0,-0.519527021,-0.71293142,-0.40806584
99,N99,N,K,AB_Complex,99,B,0,0,0,-0.281469699,-0.724097452,0.097350803
107,G107,G,K,AB_Complex,107,B,0,0,0,0,0,0
109,T109,T,K,AB_Complex,109,B,0,0,0,-0.589798925,-0.939208777,0.066334965
110,L110,L,K,AB_Complex,110,B,0,0,0,-0.114543288,-0.219191019,-0.037035696
111,D111,D,K,AB_Complex,111,B,0,0,0,-0.473346135,-0.821069227,0.040682516
113,K113,K,K,AB_Complex,113,B,-0.318384818,-1.587019256,0.998260783,-0.318384818,-1.587019256,0.998260783
114,T114,T,K,AB_Complex,114,B,0,0,0,-0.204506477,-0.381199313,-0.002961376
115,Q115,Q,K,AB_Complex,115,B,0,0,0,-0.108033952,-0.637224754,0.492860325
123,A123,A,K,AB_Complex,123,B,0,0,0,-0.51081162,-1.27688857,-0.000950291
125,N125,N,K,AB_Complex,125,B,0,0,0,-0.690289608,-1.138499446,-0.276170522
126,V126,V,K,AB_Complex,126,B,0,0,0,-0.483167587,-0.803425605,0.119899419
127,V127,V,K,AB_Complex,127,B,0,0,0,-0.50670783,-0.798383791,0.012630887
128,I128,I,K,AB_Complex,128,B,-2.517441359,-2.642249853,-2.392632865,-0.785244074,-2.642249853,-0.170739949
129,K129,K,K,AB_Complex,129,B,0.124486384,0.062641336,0.186331432,-0.282633277,-0.735246745,0.186331432
130,V130,V,K,AB_Complex,130,B,0,0,0,0,0,0
131,C131,C,K,AB_Complex,131,B,0,0,0,-0.0038483,-0.0038483,-0.0038483
133,F133,F,K,AB_Complex,133,B,0,0,0,0,0,0
139,P139,P,K,AB_Complex,139,B,0,0,0,-0.252344344,-0.280213221,-0.224475466
141,L141,L,K,AB_Complex,141,B,0,0,0,0,0,0
142,G142,G,K,AB_Complex,142,B,0,0,0,-0.186753081,-0.549112269,-0.002444091
144,Y144,Y,K,AB_Complex,144,B,0,0,0,-0.792487834,-1.780001208,-0.005827866
145,Y145,Y,K,AB_Complex,145,B,0,0,0,-0.57006855,-1.748973072,0.186733201
147,K147,K,K,AB_Complex,147,B,-1.441863229,-3.025319422,0.21081621,-1.441863229,-3.025319422,0.21081621
149,N149,N,K,AB_Complex,149,B,0,0,0,-0.180711811,-1.42506047,0.239015687
150,K150,K,K,AB_Complex,150,B,-0.185725904,-1.458651435,0.999826445,-0.185725904,-1.458651435,0.999826445
152,W152,W,K,AB_Complex,152,B,0,0,0,-0.732599218,-1.996866253,-0.001686389
154,E154,E,K,AB_Complex,154,B,0,0,0,-0.734727465,-1.890878126,-0.003673679
159,V159,V,K,AB_Complex,159,B,-1.859524602,-3.173547601,-0.513937109,-1.859524602,-3.173547601,-0.513937109
162,S162,S,K,AB_Complex,162,B,-0.527744552,-0.604628626,-0.450860478,-0.232202104,-0.826146252,0.017111218
168,F168,F,K,AB_Complex,168,B,0,0,0,-0.678943006,-1.359827487,-0.00337501
176,L176,L,K,AB_Complex,176,B,0,0,0,-1.105635333,-1.835515321,-0.059531871
177,M177,M,K,AB_Complex,177,B,0,0,0,-0.67582069,-1.029094038,-0.291250378
179,L179,L,K,AB_Complex,179,B,0,0,0,-0.176699895,-0.706777339,-0.001316167
182,K182,K,K,AB_Complex,182,B,-0.365473214,-1.001153665,0.920538822,-0.399828,-1.001153665,0.920538822
183,Q183,Q,K,AB_Complex,183,B,0,0,0,-0.83669554,-2.164471313,-0.021835241
184,G184,G,K,AB_Complex,184,B,0,0,0,-0.120328402,-0.30571263,-0.027460751
185,N185,N,K,AB_Complex,185,B,0,0,0,-0.392886345,-1.21703302,0.016263085
187,K187,K,K,AB_Complex,187,B,-0.512375932,-1.025859023,-0.063416884,-0.465326333,-1.025859023,-0.041879941
189,L189,L,K,AB_Complex,189,B,0,0,0,0,0,0
190,R190,R,K,AB_Complex,190,B,0,0,0,-0.275749292,-0.559576866,-0.065538317
192,F192,F,K,AB_Complex,192,B,0,0,0,-0.462978404,-0.616125624,-0.202211651
193,V193,V,K,AB_Complex,193,B,0,0,0,0,0,0
195,K195,K,K,AB_Complex,195,B,0,0,0,0,0,0
197,I197,I,K,AB_Complex,197,B,0,0,0,0,0,0
199,G199,G,K,AB_Complex,199,B,0,0,0,-0.090575152,-0.090575152,-0.090575152
200,Y200,Y,K,AB_Complex,200,B,0,0,0,-0.736381815,-0.736381815,-0.736381815
201,F201,F,K,AB_Complex,201,B,0,0,0,-0.314174988,-0.314174988,-0.314174988
202,K202,K,K,AB_Complex,202,B,0.038268057,0.038268057,0.038268057,-0.038295104,-0.114858265,0.038268057
203,I203,I,K,AB_Complex,203,B,0,0,0,-0.059641966,-0.218323738,-0.003030785
204,Y204,Y,K,AB_Complex,204,B,0,0,0,-2.89224661,-2.89224661,-2.89224661
205,S205,S,K,AB_Complex,205,B,-1.519091477,-1.519091477,-1.519091477,-0.670274554,-1.519091477,-0.017224835
206,K206,K,K,AB_Complex,206,B,0.078867133,0.078806789,0.078950391,0.078867133,0.078806789,0.078950391
207,H207,H,K,AB_Complex,207,B,0,0,0,-1.132184864,-2.670898357,-0.495395352
210,I210,I,K,AB_Complex,210,B,0,0,0,-0.043127401,-0.095463625,-0.005296028
213,V213,V,K,AB_Complex,213,B,0,0,0,-0.644923333,-1.402962075,0.1434919554199999
214,R214,R,K,AB_Complex,214,B,0,0,0,-1.059317213,-3.502485764,-0.0169188
218,Q218,Q,K,AB_Complex,218,B,0,0,0,-1.267792925,-1.927357193,-0.049723476
221,S221,S,K,AB_Complex,221,B,0,0,0,-0.009245251,-0.009245251,-0.009245251
259,T259,T,K,AB_Complex,259,B,0,0,0,-0.336213731,-0.801791657,-0.000551052
273,R273,R,K,AB_Complex,273,B,0,0,0,-1.409119247,-2.8584967,-0.068564241
275,F275,F,K,AB_Complex,275,B,0,0,0,-1.94138136,-2.711225069,-1.498957911
276,L276,L,K,AB_Complex,276,B,0,0,0,-1.623783491,-2.471899679,-0.745575665
277,L277,L,K,AB_Complex,277,B,0,0,0,-4.011630516,-4.490955476,-3.512378168
278,K278,K,K,AB_Complex,278,B,-0.827445594,-1.19983558,-0.613511667,-0.827445594,-1.19983558,-0.613511667
279,Y279,Y,K,AB_Complex,279,B,0,0,0,0,0,0
280,N280,N,K,AB_Complex,280,B,0,0,0,0.1776072307926666,0.098911678,0.2484518839299999
281,E281,E,K,AB_Complex,281,B,0,0,0,-0.185532102,-0.185532102,-0.185532102
285,I285,I,K,AB_Complex,285,B,0,0,0,0,0,0
286,T286,T,K,AB_Complex,286,B,0,0,0,-0.583555929,-0.618114933,-0.516414032
287,D287,D,K,AB_Complex,287,B,0,0,0,-0.809161901,-1.008799005,-0.683000449
290,D290,D,K,AB_Complex,290,B,0,0,0,-0.128172656,-0.250999519,-0.057497249
294,D294,D,K,AB_Complex,294,B,0,0,0,-0.509675066,-0.636630604,-0.40909812
295,P295,P,K,AB_Complex,295,B,0,0,0,0,0,0
297,S297,S,K,AB_Complex,297,B,0,0,0,-0.654608166,-0.817932708,-0.408406386
298,E298,E,K,AB_Complex,298,B,0,0,0,0,0,0
299,T299,T,K,AB_Complex,299,B,0,0,0,0,0,0
300,K300,K,K,AB_Complex,300,B,-0.372231932,-0.410587906,-0.320471685,-0.372231932,-0.410587906,-0.320471685
301,C301,C,K,AB_Complex,301,B,0,0,0,0,0,0
302,T302,T,K,AB_Complex,302,B,0,0,0,0,0,0
303,L303,L,K,AB_Complex,303,B,0,0,0,0,0,0
304,K304,K,K,AB_Complex,304,B,-0.068141515,-0.109335378,-0.021283496,-0.068141515,-0.109335378,-0.021283496
305,S305,S,K,AB_Complex,305,B,0,0,0,0.031117428,0.009902815,0.066982968
306,F306,F,K,AB_Complex,306,B,0,0,0,-0.980120348,-1.04101043,-0.900650165
307,T307,T,K,AB_Complex,307,B,0,0,0,-0.540520029,-0.616224947,-0.479246412
308,V308,V,K,AB_Complex,308,B,0,0,0,-0.012490586,-0.019900781,-0.008538834
309,E309,E,K,AB_Complex,309,B,0,0,0,-0.148341644,-0.247485135,-0.049198152
310,K310,K,K,AB_Complex,310,B,0,0,0,0,0,0
312,I312,I,K,AB_Complex,312,B,0,0,0,0,0,0
313,Y313,Y,K,AB_Complex,313,B,0,0,0,0,0,0
318,F318,F,K,AB_Complex,318,B,0,0,0,0,0,0
333,T333,T,K,AB_Complex,333,B,0,0,0,-0.384349064,-2.198660972,0.03483363
338,F338,F,K,AB_Complex,338,B,0,0,0,-0.537488211,-4.556610281,-6.49E-05
339,G339,G,K,AB_Complex,339,B,0,0,0,-0.382357531,-2.444609523,0.18017347
346,R346,R,K,AB_Complex,346,B,0,0,0,-1.182246414,-4.151714182,0.8175757186264652
351,Y351,Y,K,AB_Complex,351,B,0,0,0,-0.364227539,-4.112982449,0.05374877
352,A352,A,K,AB_Complex,352,B,-2.6718309,-2.6718309,-2.6718309,-0.277232037,-2.6718309,0.09919859
353,W353,W,K,AB_Complex,353,B,0,0,0,-0.229321236,-1.5560129,0.066391262
355,R355,R,K,AB_Complex,355,B,0,0,0,-0.617151034,-1.806633644,0.202035923
356,K356,K,K,AB_Complex,356,B,-0.43995878,-1.959251447,0.8940685132940001,-0.448665167,-2.007108476,0.8940685132940001
358,I358,I,K,AB_Complex,358,B,0,0,0,-0.230441616,-3.867802305,0.007962882
359,S359,S,K,AB_Complex,359,B,0,0,0,-0.227625573,-2.54153778,0.016872411
360,N360,N,K,AB_Complex,360,B,0,0,0,-0.174957746,-3.107743319,0.525598887
361,C361,C,K,AB_Complex,361,B,0,0,0,-0.394047488,-4.547484321,0.057825265
364,D364,D,K,AB_Complex,364,B,0,0,0,-0.592980798,-3.882523704,0.141692193
368,L368,L,K,AB_Complex,368,B,0,0,0,-0.170935627,-2.779863326,0.013983141
369,Y369,Y,K,AB_Complex,369,B,0,0,0,-0.830732281,-1.952524345,0.116401614
370,N370,N,K,AB_Complex,370,B,0,0,0,-0.36527994,-2.654199686,1.221481931
373,S373,S,K,AB_Complex,373,B,0,0,0,-0.346229948,-3.928757313,0.163149739
374,F374,F,K,AB_Complex,374,B,-2.644551729,-2.644551729,-2.644551729,-0.405770602,-2.644551729,0.3991995886901099
375,S375,S,K,AB_Complex,375,B,0,0,0,-0.644356537,-3.645914843,0.3635641216725001
377,F377,F,K,AB_Complex,377,B,0,0,0,-0.913619668,-2.337481997,0.240806484
378,K378,K,K,AB_Complex,378,B,-0.908668229,-3.482113539,0.694191582,-0.91453266,-3.482113539,0.694191582
380,Y380,Y,K,AB_Complex,380,B,0,0,0,-0.592981024,-2.65746302,0.099117587
381,G381,G,K,AB_Complex,381,B,-0.123407758,-0.123407758,-0.123407758,-0.478221811,-1.854906045,0.5218643365354999
382,V382,V,K,AB_Complex,382,B,-2.837859806,-2.837859806,-2.837859806,-0.240652446,-2.837859806,0.3785546174899999
383,S383,S,K,AB_Complex,383,B,0,0,0,-0.53691012,-3.940023896,0.111602865
385,T385,T,K,AB_Complex,385,B,0,0,0,-0.691389068,-2.107804784,0.1853189196224999
386,K386,K,K,AB_Complex,386,B,-0.548342283,-2.84502115,1.098076959,-0.565091528,-3.696150536,1.098076959
388,N388,N,K,AB_Complex,388,B,0,0,0,-0.314374773,-5.56430242,0.145844205
389,D389,D,K,AB_Complex,389,B,0,0,0,-0.233141514,-2.69691815,0.160994846
392,F392,F,K,AB_Complex,392,B,0,0,0,-0.340434003,-4.899945826,0.080649102
394,N394,N,K,AB_Complex,394,B,0,0,0,-0.374883182,-4.832464532,0.3361938142049999
396,Y396,Y,K,AB_Complex,396,B,0,0,0,-0.558608148,-5.636107815,0.029303794
399,S399,S,K,AB_Complex,399,B,-0.718183869,-0.718183869,-0.718183869,-0.146629069,-3.529441829,0.035824939
400,F400,F,K,AB_Complex,400,B,-0.740157238,-0.740157238,-0.740157238,-0.123756933,-2.218147175,1.152233777600835
402,I402,I,K,AB_Complex,402,B,0,0,0,-0.68730709,-3.716688227,0.158512303
406,E406,E,K,AB_Complex,406,B,0,0,0,-0.147119904,-4.013643888,0.126800254
407,V407,V,K,AB_Complex,407,B,0,0,0,-0.301706822,-2.537193946,0.033589809
413,G413,G,K,AB_Complex,413,B,-2.77560305,-2.77560305,-2.77560305,-0.267130769,-2.77560305,0.272883796
417,K417,K,K,AB_Complex,417,B,-0.612141727,-2.377964449,0.728653696,-0.567198633,-4.052231464,0.728653696
419,A419,A,K,AB_Complex,419,B,0,0,0,-1.078478996,-5.319366721,-0.000701502
420,D420,D,K,AB_Complex,420,B,-3.435798267,-3.435798267,-3.435798267,-0.375799391,-3.435798267,0.06462449
421,Y421,Y,K,AB_Complex,421,B,-0.242456488,-0.242456488,-0.242456488,-0.730376991,-4.425359267,0.006038287
423,Y423,Y,K,AB_Complex,423,B,0,0,0,-0.933483186,-2.446010831,-0.006733531
424,K424,K,K,AB_Complex,424,B,-0.133546257,-1.592264448,0.499991814,-0.211005463,-1.864132271,0.499991814
425,L425,L,K,AB_Complex,425,B,-0.540105475,-0.870400094,-0.307121632,-0.97551572,-5.064588561,0.039368896
426,P426,P,K,AB_Complex,426,B,-1.277792703,-1.277792703,-1.277792703,-0.237928265,-2.302085522,0.027208094
427,D427,D,K,AB_Complex,427,B,-2.342103564,-2.342103564,-2.342103564,-0.50048888,-2.480796788,0.157637177
432,C432,C,K,AB_Complex,432,B,0,0,0,-0.570637588,-5.785222421,0.273776329
435,A435,A,K,AB_Complex,435,B,0,0,0,-0.126191407,-3.23680367,-1.36E-05
437,N437,N,K,AB_Complex,437,B,-0.855454698,-1.892860641,0.2591848534055002,-0.269826508,-2.548036967,0.5256978449009999
439,N439,N,K,AB_Complex,439,B,0,0,0,-0.216855769,-2.219217323,0.8008596499224998
440,N440,N,K,AB_Complex,440,B,-0.758291231,-2.860135213,0.6243779962599999,-0.612093509,-3.566938189,0.6243779962599999
441,L441,L,K,AB_Complex,441,B,-0.994257118,-2.46636548,0.047888535,-0.65242612,-2.46636548,0.2285342425389999
442,D442,D,K,AB_Complex,442,B,-0.314377786,-1.043140811,0.7669444643554998,-0.254410359,-1.789801483,0.7669444643554998
443,S443,S,K,AB_Complex,443,B,-0.016415728,-0.029264138,-0.003567318,-0.296398793,-2.210578003,0.134999772
444,K444,K,K,AB_Complex,444,B,-0.567708968,-2.902568304,1.210310112,-0.558766907,-3.087909339,1.210310112
445,V445,V,K,AB_Complex,445,B,0,0,0,-0.731685488,-3.146529067,0.2137758575459999
446,G446,G,K,AB_Complex,446,B,-0.298187304,-0.515710628,-0.021156292,-0.33140694,-1.548981857,0.216649465
447,G447,G,K,AB_Complex,447,B,-0.999578892,-1.576986305,-0.422171478,-0.161264207,-4.916039209,0.278722131
448,N448,N,K,AB_Complex,448,B,0,0,0,-0.145532046,-4.12219097,0.284434134
452,L452,L,K,AB_Complex,452,B,-1.671089082,-1.97457508,-1.281029773,-0.452548142,-3.908743535,0.442842394
453,Y453,Y,K,AB_Complex,453,B,-0.902078472,-0.938580511,-0.865576432,-0.298746918,-4.282139944,0.053614936
454,R454,R,K,AB_Complex,454,B,-2.02952018,-2.02952018,-2.02952018,-0.198565562,-2.02952018,0.018504312
455,L455,L,K,AB_Complex,455,B,-0.200638455,-0.979517399,0.012165376,-0.532935005,-2.085691511,0.068444837
457,R457,R,K,AB_Complex,457,B,0,0,0,-0.206031457,-4.411074836,0.958422465
458,K458,K,K,AB_Complex,458,B,-0.243224476,-2.421883464,1.582613384226015,-0.239218107,-2.421883464,1.582613384226015
459,S459,S,K,AB_Complex,459,B,0.5885289642929449,0.5885289642929449,0.5885289642929449,-0.140446746,-2.530457636,0.5885289642929449
460,N460,N,K,AB_Complex,460,B,-0.222845607,-0.282930082,-0.162761132,-0.483625474,-3.770734009,0.436835589
461,L461,L,K,AB_Complex,461,B,0.174810166,0.174810166,0.174810166,-0.254739304,-4.161711472,0.174810166
462,K462,K,K,AB_Complex,462,B,-0.585669926,-2.780386497,0.6762391523999999,-0.58473273,-2.780386497,0.6762391523999999
464,F464,F,K,AB_Complex,464,B,0,0,0,-0.555097977,-2.613653716,0.071432036
465,E465,E,K,AB_Complex,465,B,0,0,0,-0.735441576,-2.326834318,0.159167544
466,R466,R,K,AB_Complex,466,B,-1.514040278,-1.923670078,-0.919252897,-0.860874304,-2.410508511,0.8917200410062502
470,T470,T,K,AB_Complex,470,B,-0.594835827,-0.986756006,-0.099595043,-0.504547548,-4.138783159,0.085232467
473,Y473,Y,K,AB_Complex,473,B,0,0,0,-0.355980317,-1.416762554,0.076795036
475,A475,A,K,AB_Complex,475,B,-0.955995484,-1.631550741,-0.163110362,-0.695250095,-1.848917377,0.301677118
477,S477,S,K,AB_Complex,477,B,0,0,0,-0.567268043,-2.93469001,0.26527025
478,T478,T,K,AB_Complex,478,B,-0.534939449,-2.34675123,0.8597553539449999,-0.538353787,-2.34675123,0.8597553539449999
480,C480,C,K,AB_Complex,480,B,0.1579465441899999,0.008769631,0.307123457,-0.124671817,-1.733578247,0.307123457
481,N481,N,K,AB_Complex,481,B,-0.370747325,-0.861235725,0.080281017,-0.323849055,-1.509142553,0.3867884416530449
484,E484,E,K,AB_Complex,484,B,-0.305640308,-2.511380008,0.8704471587525003,-0.951294936,-3.144073054,0.8704471587525003
486,F486,F,K,AB_Complex,486,B,0.123329058,-0.035634686,0.27128577,-1.275121092,-3.826312176,0.27128577
489,Y489,Y,K,AB_Complex,489,B,-3.188379107,-3.188379107,-3.188379107,-0.93305725,-3.987802646,0.457671333
493,Q493,Q,K,AB_Complex,493,B,0,0,0,-0.537531453,-5.139891001,0.9021728014675402
509,R509,R,K,AB_Complex,509,B,0,0,0,-0.064285884,-4.621920058,0.446534466
510,V510,V,K,AB_Complex,510,B,0,0,0,-0.241424295,-2.986379445,0.046424403
511,V511,V,K,AB_Complex,511,B,0,0,0,-4.712180922,-4.712180922,-4.712180922
516,E516,E,K,AB_Complex,516,B,0,0,0,-0.529760048,-1.796379497,0.015120498
523,T523,T,K,AB_Complex,523,B,0,0,0,-0.305201691,-2.289666368,0.025032716
524,V524,V,K,AB_Complex,524,B,-1.882396672,-1.882396672,-1.882396672,-0.814591883,-1.895295492,-0.198627844
525,C525,C,K,AB_Complex,525,B,-0.096106433,-0.112275105,-0.081401519,-0.033506433,-0.336210528,0.292236838
526,G526,G,K,AB_Complex,526,B,-0.682552385,-0.899125053,-0.306570775,-0.512833644,-0.899125053,0.049305881
527,P527,P,K,AB_Complex,527,B,-0.267999941,-0.474019375,-0.007806568,-0.253747729,-0.532404085,-0.002207857
528,K528,K,K,AB_Complex,528,B,-0.238805529,-0.841221765,0.234214894,-0.255505476,-0.841221765,0.234214894
529,K529,K,K,AB_Complex,529,B,-0.317380429,-1.619150116,0.1864618352199999,-0.296917945,-1.619150116,0.1864618352199999
530,S530,S,K,AB_Complex,530,B,0,0,0,-0.445962161,-1.269291311,-0.004971826
531,T531,T,K,AB_Complex,531,B,0,0,0,-0.126458658,-0.427399057,0.1072722482686849
532,N532,N,K,AB_Complex,532,B,0,0,0,-0.239895502,-1.03639505,0.1410183043449999
534,V534,V,K,AB_Complex,534,B,0,0,0,-0.828413608,-1.857369113,-0.066496996
535,K535,K,K,AB_Complex,535,B,-0.63474775,-0.858399438,-0.029723031,-0.57130262,-0.858399438,-0.029723031
536,N536,N,K,AB_Complex,536,B,0,0,0,-0.187193287,-0.823951277,0.370328016
537,K537,K,K,AB_Complex,537,B,-0.980144674,-2.444242168,0.3233040667149999,-1.013915888,-2.444242168,0.3233040667149999
538,C538,C,K,AB_Complex,538,B,0,0,0,-1.266809641,-2.029374073,0.073080448
539,V539,V,K,AB_Complex,539,B,0,0,0,-0.095171307,-0.488662197,0.017537462
540,N540,N,K,AB_Complex,540,B,0,0,0,-0.108026246,-0.445384154,0.19874219
542,N542,N,K,AB_Complex,542,B,0,0,0,-0.316757761,-0.676372463,-0.098821722
543,F543,F,K,AB_Complex,543,B,0,0,0,0,0,0
544,N544,N,K,AB_Complex,544,B,0,0,0,-0.330907779,-0.427323862,-0.234491697
545,G545,G,K,AB_Complex,545,B,0,0,0,-0.033726076,-0.033726076,-0.033726076
546,L546,L,K,AB_Complex,546,B,0,0,0,0,0,0
547,T547,T,K,AB_Complex,547,B,0,0,0,-0.128966517,-0.167841209,-0.069337363
549,T549,T,K,AB_Complex,549,B,0,0,0,0,0,0
550,G550,G,K,AB_Complex,550,B,0,0,0,0,0,0
552,L552,L,K,AB_Complex,552,B,0,0,0,0,0,0
553,T553,T,K,AB_Complex,553,B,0,0,0,0,0,0
554,E554,E,K,AB_Complex,554,B,0,0,0,-0.728265852,-1.301210845,-0.035654101
555,S555,S,K,AB_Complex,555,B,0,0,0,-0.565932095,-1.222051509,-0.010360651
556,N556,N,K,AB_Complex,556,B,0,0,0,-0.190320731,-0.391852265,0.1155409147224999
557,K557,K,K,AB_Complex,557,B,-0.25039122,-0.938019679,-0.083881684,-0.25039122,-0.938019679,-0.083881684
558,K558,K,K,AB_Complex,558,B,-0.383078794,-2.043617285,0.4989198634320001,-0.383078794,-2.043617285,0.4989198634320001
559,F559,F,K,AB_Complex,559,B,0,0,0,-0.488440009,-1.030227897,-0.03775474
560,L560,L,K,AB_Complex,560,B,0,0,0,-0.930150079,-1.286345429,-0.371819925
561,P561,P,K,AB_Complex,561,B,0,0,0,-0.732779129,-1.479955264,-0.187318897
565,F565,F,K,AB_Complex,565,B,0,0,0,-0.242791073,-0.287503238,-0.198078908
566,G566,G,K,AB_Complex,566,B,0,0,0,-0.308658045,-0.308658045,-0.308658045
575,A575,A,K,AB_Complex,575,B,0,0,0,-0.363404515,-0.756447389,-0.114508392
597,V597,V,K,AB_Complex,597,B,0,0,0,0,0,0
605,S605,S,K,AB_Complex,605,B,0,0,0,-0.235381103,-0.432283126,-0.045221857
620,V620,V,K,AB_Complex,620,B,0,0,0,-0.003031843,-0.003031843,-0.003031843
621,P621,P,K,AB_Complex,621,B,0,0,0,0,0,0
627,D627,D,K,AB_Complex,627,B,0,0,0,0,0,0
629,L629,L,K,AB_Complex,629,B,0,0,0,0,0,0
636,Y636,Y,K,AB_Complex,636,B,-0.640763778,-0.640763778,-0.640763778,-0.640763778,-0.640763778,-0.640763778
643,F643,F,K,AB_Complex,643,B,0,0,0,0,0,0
649,C649,C,K,AB_Complex,649,B,0,0,0,0,0,0
650,L650,L,K,AB_Complex,650,B,0,0,0,0,0,0
663,D663,D,K,AB_Complex,663,B,0.143378582,0.143378582,0.143378582,0.143378582,0.143378582,0.143378582
677,Q677,Q,K,AB_Complex,677,B,-0.691351026,-0.691351026,-0.691351026,-0.691351026,-0.691351026,-0.691351026
679,N679,N,K,AB_Complex,679,B,0,0,0,-0.752908444,-0.752908444,-0.752908444
681,P681,P,K,AB_Complex,681,B,0,0,0,0,0,0
696,T696,T,K,AB_Complex,696,B,0,0,0,-0.263510416,-0.263510416,-0.263510416
728,P728,P,K,AB_Complex,728,B,0,0,0,0,0,0
730,S730,S,K,AB_Complex,730,B,0,0,0,0,0,0
732,T732,T,K,AB_Complex,732,B,0,0,0,0,0,0
733,K733,K,K,AB_Complex,733,B,0,0,0,0,0,0
735,S735,S,K,AB_Complex,735,B,0,0,0,0,0,0
736,V736,V,K,AB_Complex,736,B,0,0,0,0,0,0
741,Y741,Y,K,AB_Complex,741,B,0,0,0,0,0,0
747,T747,T,K,AB_Complex,747,B,0,0,0,0,0,0
748,E748,E,K,AB_Complex,748,B,0,0,0,0,0,0
759,F759,F,K,AB_Complex,759,B,0,0,0,0,0,0
761,T761,T,K,AB_Complex,761,B,0,0,0,-1.09565408,-1.506589333,-0.745308113
763,L763,L,K,AB_Complex,763,B,0,0,0,-1.674029372,-2.699582607,-1.094988623
764,N764,N,K,AB_Complex,764,B,-1.956750225,-2.24052744,-1.591683095,-1.637524057,-2.24052744,-1.151440339
766,A766,A,K,AB_Complex,766,B,0,0,0,-1.324339154,-2.184103421,-0.82865976
767,L767,L,K,AB_Complex,767,B,0,0,0,-2.202306733,-3.05558939,-0.510449277
771,A771,A,K,AB_Complex,771,B,0,0,0,-0.95262346,-1.596667688,-0.619428243
773,E773,E,K,AB_Complex,773,B,0,0,0,-1.123499202,-1.718269847,-0.363785686
775,D775,D,K,AB_Complex,775,B,0,0,0,-0.456421618,-0.906339321,0.019913118
776,K776,K,K,AB_Complex,776,B,0,0,0,0,0,0
778,T778,T,K,AB_Complex,778,B,0,0,0,0,0,0
779,Q779,Q,K,AB_Complex,779,B,0,0,0,0,0,0
781,V781,V,K,AB_Complex,781,B,0,0,0,0,0,0
783,A783,A,K,AB_Complex,783,B,0,0,0,0,0,0
784,Q784,Q,K,AB_Complex,784,B,0,0,0,0,0,0
785,V785,V,K,AB_Complex,785,B,0,0,0,0,0,0
786,K786,K,K,AB_Complex,786,B,0,0,0,0,0,0
787,Q787,Q,K,AB_Complex,787,B,0,0,0,0,0,0
788,I788,I,K,AB_Complex,788,B,0,0,0,0,0,0
789,Y789,Y,K,AB_Complex,789,B,0,0,0,0,0,0
790,K790,K,K,AB_Complex,790,B,0,0,0,0,0,0
792,P792,P,K,AB_Complex,792,B,0,0,0,0,0,0
793,P793,P,K,AB_Complex,793,B,0,0,0,0,0,0
794,I794,I,K,AB_Complex,794,B,0,0,0,0,0,0
795,K795,K,K,AB_Complex,795,B,0,0,0,0,0,0
797,F797,F,K,AB_Complex,797,B,0,0,0,0,0,0
798,G798,G,K,AB_Complex,798,B,0,0,0,0,0,0
803,S803,S,K,AB_Complex,803,B,0,0,0,0,0,0
806,L806,L,K,AB_Complex,806,B,0,0,0,0,0,0
808,D808,D,K,AB_Complex,808,B,0,0,0,0,0,0
809,P809,P,K,AB_Complex,809,B,0,0,0,0,0,0
810,S810,S,K,AB_Complex,810,B,0,0,0,0,0,0
811,K811,K,K,AB_Complex,811,B,-0.241630495,-0.241630495,-0.241630495,-0.241630495,-0.241630495,-0.241630495
813,S813,S,K,AB_Complex,813,B,0,0,0,-0.19423863,-0.459847562,-0.049181986
814,K814,K,K,AB_Complex,814,B,-0.397484325,-1.086174822,-0.02028153,-0.397484325,-1.086174822,-0.02028153
816,S816,S,K,AB_Complex,816,B,0,0,0,-0.793517955,-1.287134837,0.052323935
817,F817,F,K,AB_Complex,817,B,0,0,0,-0.481267736,-1.414081054,0.032664152
819,E819,E,K,AB_Complex,819,B,0,0,0,-1.341573598,-2.041227545,0.183572742
820,D820,D,K,AB_Complex,820,B,0,0,0,-1.285702701,-2.247761006,-0.099487083
822,L822,L,K,AB_Complex,822,B,0,0,0,-1.388374848,-1.591006675,-1.209806675
824,N824,N,K,AB_Complex,824,B,0,0,0,-0.242324351,-0.603175175,0.186325058
825,K825,K,K,AB_Complex,825,B,-0.58206246,-2.20333658,0.461948165,-0.58206246,-2.20333658,0.461948165
827,T827,T,K,AB_Complex,827,B,0,0,0,-0.100750647,-0.100750647,-0.100750647
828,L828,L,K,AB_Complex,828,B,0,0,0,-0.39392602,-0.39392602,-0.39392602
832,G832,G,K,AB_Complex,832,B,0,0,0,0,0,0
833,F833,F,K,AB_Complex,833,B,0,0,0,0,0,0
835,K835,K,K,AB_Complex,835,B,0,0,0,0,0,0
849,L849,L,K,AB_Complex,849,B,0,0,0,0,0,0
851,C851,C,K,AB_Complex,851,B,0,0,0,0,0,0
853,Q853,Q,K,AB_Complex,853,B,0,0,0,0,0,0
854,K854,K,K,AB_Complex,854,B,0,0,0,0,0,0
855,F855,F,K,AB_Complex,855,B,0,0,0,0,0,0
856,N856,N,K,AB_Complex,856,B,0,0,0,0,0,0
857,G857,G,K,AB_Complex,857,B,0,0,0,0,0,0
858,L858,L,K,AB_Complex,858,B,0,0,0,0,0,0
859,T859,T,K,AB_Complex,859,B,0,0,0,0,0,0
868,E868,E,K,AB_Complex,868,B,0,0,0,0,0,0
878,L878,L,K,AB_Complex,878,B,0,0,0,0,0,0
882,I882,I,K,AB_Complex,882,B,0,0,0,0,0,0
887,T887,T,K,AB_Complex,887,B,0,0,0,0,0,0
903,A903,A,K,AB_Complex,903,B,0,0,0,-0.922010266,-0.922010266,-0.922010266
906,F906,F,K,AB_Complex,906,B,0,0,0,0,0,0
916,L916,L,K,AB_Complex,916,B,0,0,0,0,0,0
917,Y917,Y,K,AB_Complex,917,B,0,0,0,0,0,0
918,E918,E,K,AB_Complex,918,B,0,0,0,0,0,0
920,Q920,Q,K,AB_Complex,920,B,0,0,0,-2.477269399,-2.477269399,-2.477269399
921,K921,K,K,AB_Complex,921,B,-1.852879193,-1.852879193,-1.852879193,-1.852879193,-1.852879193,-1.852879193
923,I923,I,K,AB_Complex,923,B,0,0,0,-2.036571296,-2.036571296,-2.036571296
924,A924,A,K,AB_Complex,924,B,0,0,0,-0.350578481,-0.350578481,-0.350578481
928,N928,N,K,AB_Complex,928,B,0,0,0,0,0,0
929,S929,S,K,AB_Complex,929,B,0,0,0,0,0,0
930,A930,A,K,AB_Complex,930,B,0,0,0,0,0,0
932,G932,G,K,AB_Complex,932,B,0,0,0,0,0,0
933,K933,K,K,AB_Complex,933,B,0,0,0,0,0,0
935,Q935,Q,K,AB_Complex,935,B,0,0,0,0,0,0
936,D936,D,K,AB_Complex,936,B,0,0,0,-0.343777607,-0.391097242,-0.273522512
941,T941,T,K,AB_Complex,941,B,0,0,0,-0.229955664,-0.256336183,-0.210147868
942,A942,A,K,AB_Complex,942,B,0,0,0,0,0,0
944,A944,A,K,AB_Complex,944,B,0,0,0,0,0,0
946,G946,G,K,AB_Complex,946,B,0,0,0,0,0,0
947,K947,K,K,AB_Complex,947,B,0,0,0,0,0,0
949,Q949,Q,K,AB_Complex,949,B,0,0,0,0,0,0
950,D950,D,K,AB_Complex,950,B,0,0,0,-0.514115763,-0.514115763,-0.514115763
955,N955,N,K,AB_Complex,955,B,0,0,0,-2.137160496,-2.137160496,-2.137160496
959,L959,L,K,AB_Complex,959,B,0,0,0,0,0,0
961,T961,T,K,AB_Complex,961,B,0,0,0,0,0,0
963,V963,V,K,AB_Complex,963,B,0,0,0,0,0,0
964,K964,K,K,AB_Complex,964,B,0,0,0,0,0,0
966,L966,L,K,AB_Complex,966,B,0,0,0,0,0,0
967,S967,S,K,AB_Complex,967,B,0,0,0,0,0,0
968,S968,S,K,AB_Complex,968,B,0,0,0,0,0,0
969,N969,N,K,AB_Complex,969,B,0,0,0,0,0,0
971,G971,G,K,AB_Complex,971,B,0,0,0,0,0,0
972,A972,A,K,AB_Complex,972,B,0,0,0,0,0,0
983,R983,R,K,AB_Complex,983,B,0,0,0,-0.753206552,-1.429485329,-0.076927775
985,D985,D,K,AB_Complex,985,B,0,0,0,-0.14911108,-0.514011758,0.023262623
986,K986,K,K,AB_Complex,986,B,0,0,0,0,0,0
1013,I1013,I,K,AB_Complex,1013,B,0,0,0,0,0,0
1023,N1023,N,K,AB_Complex,1023,B,0,0,0,0,0,0
1025,A1025,A,K,AB_Complex,1025,B,0,0,0,0,0,0
1027,T1027,T,K,AB_Complex,1027,B,0,0,0,0,0,0
1028,K1028,K,K,AB_Complex,1028,B,0,0,0,0,0,0
1030,S1030,S,K,AB_Complex,1030,B,0,0,0,0,0,0
1031,E1031,E,K,AB_Complex,1031,B,0,0,0,0,0,0
1033,V1033,V,K,AB_Complex,1033,B,0,0,0,0,0,0
1035,G1035,G,K,AB_Complex,1035,B,0,0,0,0,0,0
1036,Q1036,Q,K,AB_Complex,1036,B,0,0,0,0,0,0
1037,S1037,S,K,AB_Complex,1037,B,0,0,0,0,0,0
1038,K1038,K,K,AB_Complex,1038,B,0,0,0,0,0,0
1039,R1039,R,K,AB_Complex,1039,B,0,0,0,0,0,0
1040,V1040,V,K,AB_Complex,1040,B,0,0,0,0,0,0
1041,D1041,D,K,AB_Complex,1041,B,0,0,0,0,0,0
1042,F1042,F,K,AB_Complex,1042,B,0,0,0,0,0,0
1044,G1044,G,K,AB_Complex,1044,B,0,0,0,0,0,0
1045,K1045,K,K,AB_Complex,1045,B,0,0,0,0,0,0
1046,G1046,G,K,AB_Complex,1046,B,0,0,0,0,0,0
1047,Y1047,Y,K,AB_Complex,1047,B,0,0,0,0,0,0
1048,H1048,H,K,AB_Complex,1048,B,0,0,0,0,0,0
1053,P1053,P,K,AB_Complex,1053,B,0,0,0,0,0,0
1056,A1056,A,K,AB_Complex,1056,B,0,0,0,0,0,0
1068,V1068,V,K,AB_Complex,1068,B,0,0,0,-3.696546611,-3.696546611,-3.696546611
1070,A1070,A,K,AB_Complex,1070,B,0,0,0,0,0,0
1072,E1072,E,K,AB_Complex,1072,B,0,0,0,0,0,0
1073,K1073,K,K,AB_Complex,1073,B,0,0,0,0,0,0
1075,F1075,F,K,AB_Complex,1075,B,0,0,0,0,0,0
1076,T1076,T,K,AB_Complex,1076,B,0,0,0,0,0,0
1081,I1081,I,K,AB_Complex,1081,B,0,0,0,0,0,0
1083,H1083,H,K,AB_Complex,1083,B,0,0,0,0,0,0
1085,G1085,G,K,AB_Complex,1085,B,0,0,0,0,0,0
1086,K1086,K,K,AB_Complex,1086,B,0,0,0,0,0,0
1088,H1088,H,K,AB_Complex,1088,B,0,0,0,0,0,0
1089,F1089,F,K,AB_Complex,1089,B,0,0,0,0,0,0
1094,V1094,V,K,AB_Complex,1094,B,0,0,0,0,0,0
1120,T1120,T,K,AB_Complex,1120,B,0,0,0,0,0,0
1130,I1130,I,K,AB_Complex,1130,B,0,0,0,0,0,0
1137,V1137,V,K,AB_Complex,1137,B,0,0,0,0,0,0
1144,E1144,E,K,AB_Complex,1144,B,0,0,0,-1.506443457,-1.506443457,-1.506443457
1146,D1146,D,K,AB_Complex,1146,B,0,0,0,-0.498524237,-1.517554066,-0.012323855
1148,F1148,F,K,AB_Complex,1148,B,0,0,0,-1.886450075,-2.815824367,-0.000515167
1149,K1149,K,K,AB_Complex,1149,B,-1.130923669,-1.52833567,-0.104375192,-1.130923669,-1.52833567,-0.104375192
1151,E1151,E,K,AB_Complex,1151,B,0,0,0,-1.085461068,-2.54201548,0.041106278
1152,L1152,L,K,AB_Complex,1152,B,0,0,0,-1.179938906,-1.676539676,-0.07575836
1153,D1153,D,K,AB_Complex,1153,B,0,0,0,-0.915200029,-1.924044471,-0.439709293
1154,K1154,K,K,AB_Complex,1154,B,-0.237177311,-0.720634201,0.131687123,-0.237177311,-0.720634201,0.131687123
1156,F1156,F,K,AB_Complex,1156,B,0,0,0,-1.937853906,-2.978488384,-0.990454592
1157,K1157,K,K,AB_Complex,1157,B,-2.098063732,-3.456206721,-0.557809242,-2.098063732,-3.456206721,-0.557809242
1159,H1159,H,K,AB_Complex,1159,B,0,0,0,-0.495312857,-1.028664454,-0.009025098
1165,D1165,D,K,AB_Complex,1165,B,0,0,0,-0.16596516,-0.185377911,-0.150183525
1178,N1178,N,K,AB_Complex,1178,B,0,0,0,0,0,0
1211,K1211,K,K,AB_Complex,1211,B,-0.278449346,-0.278449346,-0.278449346,-0.278449346,-0.278449346,-0.278449346