site,label_site,wildtype,mutation,condition,protein_chain,protein_site,mut_frequency,mut_average_interact,mut_min_interact,mut_max_interact,mut_deviation,file_max_interact,file_min_interact,site_average_interact,site_min_interact,site_max_interact,site_deviation
512,V512,V,V,-,A,512,1.0,0.0,0.0,0.0,0.0,T478K_conf_0000,T478K_conf_0000,0.0,0.0,0.0,0.0
513,L513,L,L,-,A,513,1.0,0.0,0.0,0.0,0.0,Gamma_conf_0019,Gamma_conf_0019,0.0,0.0,0.0,0.0
514,S514,S,S,-,A,514,1.0,0.0,0.0,0.0,0.0,G446S_conf_0013,G446S_conf_0013,0.0,0.0,0.0,0.0
515,F515,F,F,-,A,515,1.0,0.0,0.0,0.0,0.0,Delta_conf_0020,Delta_conf_0020,0.0,0.0,0.0,0.0
516,E516,E,E,-,A,516,1.0,0.0,0.0,0.0,0.0,G496S_conf_0008,G496S_conf_0008,0.0,0.0,0.0,0.0
517,L517,L,L,-,A,517,1.0,0.0,0.0,0.0,0.0,BA2_conf_0006,BA2_conf_0006,0.0,0.0,0.0,0.0
518,L518,L,L,-,A,518,1.0,0.0,0.0,0.0,0.0,BA1_conf_0018,BA1_conf_0018,0.0,0.0,0.0,0.0
336,C336,C,C,-,A,336,1.0,0.0,0.0,0.0,0.0,E484A_conf_0026,E484A_conf_0026,0.0,0.0,0.0,0.0
337,P337,P,P,-,A,337,1.0,0.0,0.0,0.0,0.0,T478K_conf_0022,T478K_conf_0022,0.0,0.0,0.0,0.0
338,F338,F,F,-,A,338,1.0,0.0,0.0,0.0,0.0,N440K_conf_0020,N440K_conf_0020,0.0,0.0,0.0,0.0
339,G339,G,G,-,A,339,1.0,0.0,0.0,0.0,0.0,BA2_conf_0024,BA2_conf_0024,0.0,0.0,0.0,0.0
340,E340,E,E,-,A,340,1.0,0.0,0.0,0.0,0.0,L452R_conf_0031,L452R_conf_0031,0.0,0.0,0.0,0.0
341,V341,V,V,-,A,341,1.0,0.0,0.0,0.0,0.0,D405N_conf_0020,D405N_conf_0020,0.0,0.0,0.0,0.0
342,F342,F,F,-,A,342,1.0,0.0,0.0,0.0,0.0,D405N_conf_0028,D405N_conf_0028,0.0,0.0,0.0,0.0
343,N343,N,N,-,A,343,1.0,0.0,0.0,0.0,0.0,F486V_conf_0007,F486V_conf_0007,0.0,0.0,0.0,0.0
344,A344,A,A,-,A,344,1.0,0.0,0.0,0.0,0.0,T478K_conf_0028,T478K_conf_0028,0.0,0.0,0.0,0.0
345,T345,T,T,-,A,345,1.0,0.0,0.0,0.0,0.0,Q493R_conf_0029,Q493R_conf_0029,0.0,0.0,0.0,0.0
346,R346,R,R,-,A,346,1.0,0.0,0.0,0.0,0.0,L452R_conf_0018,L452R_conf_0018,0.0,0.0,0.0,0.0
347,F347,F,F,-,A,347,1.0,0.0,0.0,0.0,0.0,L452Q_conf_0009,L452Q_conf_0009,0.0,0.0,0.0,0.0
348,A348,A,A,-,A,348,1.0,0.0,0.0,0.0,0.0,N440K_conf_0004,N440K_conf_0004,0.0,0.0,0.0,0.0
349,S349,S,S,-,A,349,1.0,0.0,0.0,0.0,0.0,BA3_conf_0027,BA3_conf_0027,0.0,0.0,0.0,0.0
350,V350,V,V,-,A,350,1.0,0.0,0.0,0.0,0.0,S477N_conf_0006,S477N_conf_0006,0.0,0.0,0.0,0.0
351,Y351,Y,Y,-,A,351,1.0,0.0,0.0,0.0,0.0,S477N_conf_0019,S477N_conf_0019,0.0,0.0,0.0,0.0
352,A352,A,A,-,A,352,1.0,0.0,0.0,0.0,0.0,T478K_conf_0028,T478K_conf_0028,0.0,0.0,0.0,0.0
353,W353,W,W,-,A,353,1.0,0.0,0.0,0.0,0.0,Delta_conf_0029,Delta_conf_0029,0.0,0.0,0.0,0.0
354,N354,N,N,-,A,354,1.0,0.0,0.0,0.0,0.0,E484Q_conf_0013,E484Q_conf_0013,0.0,0.0,0.0,0.0
355,R355,R,R,-,A,355,1.0,0.0,0.0,0.0,0.0,Lambda_conf_0020,Lambda_conf_0020,0.0,0.0,0.0,0.0
356,K356,K,K,-,A,356,1.0,0.0,0.0,0.0,0.0,BA2_conf_0023,BA2_conf_0023,0.0,0.0,0.0,0.0
357,R357,R,R,-,A,357,1.0,0.0,0.0,0.0,0.0,Lambda_conf_0021,Lambda_conf_0021,0.0,0.0,0.0,0.0
358,I358,I,I,-,A,358,1.0,0.0,0.0,0.0,0.0,Q493R_conf_0010,Q493R_conf_0010,0.0,0.0,0.0,0.0
359,S359,S,S,-,A,359,1.0,0.0,0.0,0.0,0.0,Lambda_conf_0026,Lambda_conf_0026,0.0,0.0,0.0,0.0
360,N360,N,N,-,A,360,1.0,0.0,0.0,0.0,0.0,Q498R_conf_0022,Q498R_conf_0022,0.0,0.0,0.0,0.0
361,C361,C,C,-,A,361,1.0,0.0,0.0,0.0,0.0,Kappa_conf_0002,Kappa_conf_0002,0.0,0.0,0.0,0.0
362,V362,V,V,-,A,362,1.0,0.0,0.0,0.0,0.0,WT_conf_0027,WT_conf_0027,0.0,0.0,0.0,0.0
363,A363,A,A,-,A,363,1.0,0.0,0.0,0.0,0.0,WT_conf_0022,WT_conf_0022,0.0,0.0,0.0,0.0
364,D364,D,D,-,A,364,1.0,0.0,0.0,0.0,0.0,L452R_conf_0014,L452R_conf_0014,0.0,0.0,0.0,0.0
365,Y365,Y,Y,-,A,365,1.0,0.0,0.0,0.0,0.0,S477N_conf_0012,S477N_conf_0012,0.0,0.0,0.0,0.0
366,S366,S,S,-,A,366,1.0,0.0,0.0,0.0,0.0,Kappa_conf_0023,Kappa_conf_0023,0.0,0.0,0.0,0.0
367,V367,V,V,-,A,367,1.0,0.0,0.0,0.0,0.0,Lambda_conf_0028,Lambda_conf_0028,0.0,0.0,0.0,0.0
368,L368,L,L,-,A,368,1.0,0.0,0.0,0.0,0.0,F490S_conf_0030,F490S_conf_0030,0.0,0.0,0.0,0.0
369,Y369,Y,Y,-,A,369,1.0,0.0,0.0,0.0,0.0,BA2_conf_0017,BA2_conf_0017,0.0,0.0,0.0,0.0
370,N370,N,N,-,A,370,1.0,0.0,0.0,0.0,0.0,L452R_conf_0021,L452R_conf_0021,0.0,0.0,0.0,0.0
371,S371,S,S,-,A,371,1.0,0.0,0.0,0.0,0.0,R408S_conf_0020,R408S_conf_0020,0.0,0.0,0.0,0.0
372,A372,A,A,-,A,372,1.0,0.0,0.0,0.0,0.0,G446S_conf_0015,G446S_conf_0015,0.0,0.0,0.0,0.0
373,S373,S,S,-,A,373,1.0,0.0,0.0,0.0,0.0,BA4_conf_0006,BA4_conf_0006,0.0,0.0,0.0,0.0
374,F374,F,F,-,A,374,1.0,0.0,0.0,0.0,0.0,L452Q_conf_0023,L452Q_conf_0023,0.0,0.0,0.0,0.0
375,S375,S,S,-,A,375,1.0,0.0,0.0,0.0,0.0,K417N_conf_0018,K417N_conf_0018,0.0,0.0,0.0,0.0
376,T376,T,T,-,A,376,1.0,0.0,0.0,0.0,0.0,BA3_conf_0031,BA3_conf_0031,0.0,0.0,0.0,0.0
377,F377,F,F,-,A,377,1.0,0.0,0.0,0.0,0.0,E484Q_conf_0026,E484Q_conf_0026,0.0,0.0,0.0,0.0
378,K378,K,K,-,A,378,1.0,0.0,0.0,0.0,0.0,K417T_conf_0025,K417T_conf_0025,0.0,0.0,0.0,0.0
379,C379,C,C,-,A,379,1.0,0.0,0.0,0.0,0.0,BA1_conf_0017,BA1_conf_0017,0.0,0.0,0.0,0.0
380,Y380,Y,Y,-,A,380,1.0,0.0,0.0,0.0,0.0,N501Y_conf_0024,N501Y_conf_0024,0.0,0.0,0.0,0.0
381,G381,G,G,-,A,381,1.0,0.0,0.0,0.0,0.0,E484A_conf_0018,E484A_conf_0018,0.0,0.0,0.0,0.0
382,V382,V,V,-,A,382,1.0,0.0,0.0,0.0,0.0,BA1_conf_0008,BA1_conf_0008,0.0,0.0,0.0,0.0
383,S383,S,S,-,A,383,1.0,0.0,0.0,0.0,0.0,Gamma_conf_0019,Gamma_conf_0019,0.0,0.0,0.0,0.0
384,P384,P,P,-,A,384,1.0,0.0,0.0,0.0,0.0,E484A_conf_0022,E484A_conf_0022,0.0,0.0,0.0,0.0
385,T385,T,T,-,A,385,1.0,0.0,0.0,0.0,0.0,K417T_conf_0017,K417T_conf_0017,0.0,0.0,0.0,0.0
386,K386,K,K,-,A,386,1.0,0.0,0.0,0.0,0.0,Delta_conf_0031,Delta_conf_0031,0.0,0.0,0.0,0.0
387,L387,L,L,-,A,387,1.0,0.0,0.0,0.0,0.0,E484K_conf_0019,E484K_conf_0019,0.0,0.0,0.0,0.0
388,N388,N,N,-,A,388,1.0,0.0,0.0,0.0,0.0,R408S_conf_0031,R408S_conf_0031,0.0,0.0,0.0,0.0
389,D389,D,D,-,A,389,1.0,0.0,0.0,0.0,0.0,G496S_conf_0007,G496S_conf_0007,0.0,0.0,0.0,0.0
390,L390,L,L,-,A,390,1.0,0.0,0.0,0.0,0.0,E484Q_conf_0028,E484Q_conf_0028,0.0,0.0,0.0,0.0
391,C391,C,C,-,A,391,1.0,0.0,0.0,0.0,0.0,BA4_conf_0015,BA4_conf_0015,0.0,0.0,0.0,0.0
392,F392,F,F,-,A,392,1.0,0.0,0.0,0.0,0.0,BA4_conf_0023,BA4_conf_0023,0.0,0.0,0.0,0.0
393,T393,T,T,-,A,393,1.0,0.0,0.0,0.0,0.0,F490S_conf_0003,F490S_conf_0003,0.0,0.0,0.0,0.0
394,N394,N,N,-,A,394,1.0,0.0,0.0,0.0,0.0,BA4_conf_0026,BA4_conf_0026,0.0,0.0,0.0,0.0
395,V395,V,V,-,A,395,1.0,0.0,0.0,0.0,0.0,N501Y_conf_0000,N501Y_conf_0000,0.0,0.0,0.0,0.0
396,Y396,Y,Y,-,A,396,1.0,0.0,0.0,0.0,0.0,G446S_conf_0001,G446S_conf_0001,0.0,0.0,0.0,0.0
397,A397,A,A,-,A,397,1.0,0.0,0.0,0.0,0.0,Gamma_conf_0025,Gamma_conf_0025,0.0,0.0,0.0,0.0
398,D398,D,D,-,A,398,1.0,0.0,0.0,0.0,0.0,D405N_conf_0007,D405N_conf_0007,0.0,0.0,0.0,0.0
399,S399,S,S,-,A,399,1.0,0.0,0.0,0.0,0.0,BA1_conf_0023,BA1_conf_0023,0.0,0.0,0.0,0.0
400,F400,F,F,-,A,400,1.0,0.0,0.0,0.0,0.0,BA1_conf_0019,BA1_conf_0019,0.0,0.0,0.0,0.0
401,V401,V,V,-,A,401,1.0,0.0,0.0,0.0,0.0,L452R_conf_0004,L452R_conf_0004,0.0,0.0,0.0,0.0
402,I402,I,I,-,A,402,1.0,0.0,0.0,0.0,0.0,D405N_conf_0029,D405N_conf_0029,0.0,0.0,0.0,0.0
403,R403,R,R,-,A,403,1.0,-85.42492739583359,-168.52859999999998,-3.689000000000001,52.566957083901464,G496S_conf_0006,S477N_conf_0031,-85.42492739583359,-168.52859999999998,-3.689000000000001,52.566957083901464
404,G404,G,G,-,A,404,1.0,0.0,0.0,0.0,0.0,E484A_conf_0031,E484A_conf_0031,0.0,0.0,0.0,0.0
405,D405,D,D,-,A,405,0.8666666666666667,0.0,0.0,0.0,0.0,Kappa_conf_0001,Kappa_conf_0001,0.0,0.0,0.0,0.0
405,D405,D,N,-,A,405,0.13333333333333333,0.0,0.0,0.0,0.0,BA2_conf_0023,BA2_conf_0023,0.0,0.0,0.0,0.0
406,E406,E,E,-,A,406,1.0,0.0,0.0,0.0,0.0,BA4_conf_0006,BA4_conf_0006,0.0,0.0,0.0,0.0
407,V407,V,V,-,A,407,1.0,0.0,0.0,0.0,0.0,Q493R_conf_0004,Q493R_conf_0004,0.0,0.0,0.0,0.0
408,R408,R,R,-,A,408,0.9,0.0,0.0,0.0,0.0,T478K_conf_0010,T478K_conf_0010,0.0,0.0,0.0,0.0
408,R408,R,S,-,A,408,0.1,0.0,0.0,0.0,0.0,R408S_conf_0013,R408S_conf_0013,0.0,0.0,0.0,0.0
409,Q409,Q,Q,-,A,409,1.0,0.0,0.0,0.0,0.0,E484A_conf_0006,E484A_conf_0006,0.0,0.0,0.0,0.0
410,I410,I,I,-,A,410,1.0,0.0,0.0,0.0,0.0,E484K_conf_0021,E484K_conf_0021,0.0,0.0,0.0,0.0
411,A411,A,A,-,A,411,1.0,0.0,0.0,0.0,0.0,WT_conf_0017,WT_conf_0017,0.0,0.0,0.0,0.0
412,P412,P,P,-,A,412,1.0,0.0,0.0,0.0,0.0,G446S_conf_0001,G446S_conf_0001,0.0,0.0,0.0,0.0
413,G413,G,G,-,A,413,1.0,0.0,0.0,0.0,0.0,BA1_conf_0004,BA1_conf_0004,0.0,0.0,0.0,0.0
414,Q414,Q,Q,-,A,414,1.0,0.0,0.0,0.0,0.0,Q498R_conf_0012,Q498R_conf_0012,0.0,0.0,0.0,0.0
415,T415,T,T,-,A,415,1.0,0.0,0.0,0.0,0.0,BA4_conf_0028,BA4_conf_0028,0.0,0.0,0.0,0.0
416,G416,G,G,-,A,416,1.0,0.0,0.0,0.0,0.0,K417N_conf_0003,K417N_conf_0003,0.0,0.0,0.0,0.0
417,K417,K,K,-,A,417,0.7333333333333333,-4208.657610369316,-5603.61285,-2556.0393,925.0735512009534,Q493R_conf_0004,E484K_conf_0030,-3383.199947526044,-5603.61285,0.0,1627.9457283898873
417,K417,K,T,-,A,417,0.06666666666666667,-156.64587968750004,-957.39195,0.0,182.52781838313712,K417T_conf_0015,Gamma_conf_0011,-3383.199947526044,-5603.61285,0.0,1627.9457283898873
417,K417,K,N,-,A,417,0.2,-1432.0398730468744,-2896.3034,-198.31195,571.4044807282395,BA2_conf_0008,BA4_conf_0005,-3383.199947526044,-5603.61285,0.0,1627.9457283898873
418,I418,I,I,-,A,418,1.0,0.0,0.0,0.0,0.0,R408S_conf_0003,R408S_conf_0003,0.0,0.0,0.0,0.0
419,A419,A,A,-,A,419,1.0,0.0,0.0,0.0,0.0,N440K_conf_0019,N440K_conf_0019,0.0,0.0,0.0,0.0
420,D420,D,D,-,A,420,1.0,0.0,0.0,0.0,0.0,F486V_conf_0026,F486V_conf_0026,0.0,0.0,0.0,0.0
421,Y421,Y,Y,-,A,421,1.0,0.0,0.0,0.0,0.0,E484A_conf_0021,E484A_conf_0021,0.0,0.0,0.0,0.0
422,N422,N,N,-,A,422,1.0,0.0,0.0,0.0,0.0,L452Q_conf_0010,L452Q_conf_0010,0.0,0.0,0.0,0.0
423,Y423,Y,Y,-,A,423,1.0,0.0,0.0,0.0,0.0,F490S_conf_0031,F490S_conf_0031,0.0,0.0,0.0,0.0
424,K424,K,K,-,A,424,1.0,0.0,0.0,0.0,0.0,E484A_conf_0006,E484A_conf_0006,0.0,0.0,0.0,0.0
425,L425,L,L,-,A,425,1.0,0.0,0.0,0.0,0.0,Delta_conf_0027,Delta_conf_0027,0.0,0.0,0.0,0.0
426,P426,P,P,-,A,426,1.0,0.0,0.0,0.0,0.0,G496S_conf_0001,G496S_conf_0001,0.0,0.0,0.0,0.0
427,D427,D,D,-,A,427,1.0,0.0,0.0,0.0,0.0,Gamma_conf_0023,Gamma_conf_0023,0.0,0.0,0.0,0.0
428,D428,D,D,-,A,428,1.0,0.0,0.0,0.0,0.0,Delta_conf_0027,Delta_conf_0027,0.0,0.0,0.0,0.0
429,F429,F,F,-,A,429,1.0,0.0,0.0,0.0,0.0,E484A_conf_0021,E484A_conf_0021,0.0,0.0,0.0,0.0
430,T430,T,T,-,A,430,1.0,0.0,0.0,0.0,0.0,Q498R_conf_0013,Q498R_conf_0013,0.0,0.0,0.0,0.0
431,G431,G,G,-,A,431,1.0,0.0,0.0,0.0,0.0,Lambda_conf_0030,Lambda_conf_0030,0.0,0.0,0.0,0.0
432,C432,C,C,-,A,432,1.0,0.0,0.0,0.0,0.0,K417T_conf_0024,K417T_conf_0024,0.0,0.0,0.0,0.0
433,V433,V,V,-,A,433,1.0,0.0,0.0,0.0,0.0,N440K_conf_0016,N440K_conf_0016,0.0,0.0,0.0,0.0
434,I434,I,I,-,A,434,1.0,0.0,0.0,0.0,0.0,E484Q_conf_0001,E484Q_conf_0001,0.0,0.0,0.0,0.0
435,A435,A,A,-,A,435,1.0,0.0,0.0,0.0,0.0,E484K_conf_0028,E484K_conf_0028,0.0,0.0,0.0,0.0
436,W436,W,W,-,A,436,1.0,0.0,0.0,0.0,0.0,G496S_conf_0023,G496S_conf_0023,0.0,0.0,0.0,0.0
437,N437,N,N,-,A,437,1.0,0.0,0.0,0.0,0.0,L452R_conf_0004,L452R_conf_0004,0.0,0.0,0.0,0.0
438,S438,S,S,-,A,438,1.0,0.0,0.0,0.0,0.0,BA1_conf_0002,BA1_conf_0002,0.0,0.0,0.0,0.0
439,N439,N,N,-,A,439,1.0,0.0,0.0,0.0,0.0,WT_conf_0009,WT_conf_0009,0.0,0.0,0.0,0.0
440,N440,N,N,-,A,440,0.8333333333333334,0.0,0.0,0.0,0.0,Y505H_conf_0013,Y505H_conf_0013,0.0,0.0,0.0,0.0
440,N440,N,K,-,A,440,0.16666666666666666,0.0,0.0,0.0,0.0,N440K_conf_0006,N440K_conf_0006,0.0,0.0,0.0,0.0
441,L441,L,L,-,A,441,1.0,0.0,0.0,0.0,0.0,K417N_conf_0029,K417N_conf_0029,0.0,0.0,0.0,0.0
442,D442,D,D,-,A,442,1.0,0.0,0.0,0.0,0.0,BA3_conf_0008,BA3_conf_0008,0.0,0.0,0.0,0.0
443,S443,S,S,-,A,443,1.0,0.0,0.0,0.0,0.0,N440K_conf_0003,N440K_conf_0003,0.0,0.0,0.0,0.0
444,K444,K,K,-,A,444,1.0,0.0,0.0,0.0,0.0,T478K_conf_0017,T478K_conf_0017,0.0,0.0,0.0,0.0
445,V445,V,V,-,A,445,1.0,0.0,0.0,0.0,0.0,Gamma_conf_0019,Gamma_conf_0019,0.0,0.0,0.0,0.0
446,G446,G,G,-,A,446,0.9333333333333333,-50.526102790178484,-445.8785,254.05580000000003,203.06136368936234,Q498R_conf_0026,BA3_conf_0007,-55.73123338541659,-645.1993,270.6338,207.09468836391483
446,G446,G,S,-,A,446,0.06666666666666667,-128.60306171874996,-645.1993,270.6338,245.6800654367476,BA1_conf_0005,BA1_conf_0001,-55.73123338541659,-645.1993,270.6338,207.09468836391483
447,G447,G,G,-,A,447,1.0,0.006725,0.0,1.614,0.10396597700690358,BA2_conf_0028,K417N_conf_0027,0.006725,0.0,1.614,0.10396597700690358
448,N448,N,N,-,A,448,1.0,0.0,0.0,0.0,0.0,Gamma_conf_0005,Gamma_conf_0005,0.0,0.0,0.0,0.0
449,Y449,Y,Y,-,A,449,1.0,-3247.978619427085,-3609.66295,-2272.87655,251.65022427272334,BA1_conf_0007,E484K_conf_0022,-3247.978619427085,-3609.66295,-2272.87655,251.65022427272334
450,N450,N,N,-,A,450,1.0,0.0,0.0,0.0,0.0,Lambda_conf_0018,Lambda_conf_0018,0.0,0.0,0.0,0.0
451,Y451,Y,Y,-,A,451,1.0,0.0,0.0,0.0,0.0,K417N_conf_0003,K417N_conf_0003,0.0,0.0,0.0,0.0
452,L452,L,L,-,A,452,0.8,0.0,0.0,0.0,0.0,E484K_conf_0017,E484K_conf_0017,0.0,0.0,0.0,0.0
452,L452,L,Q,-,A,452,0.06666666666666667,0.0,0.0,0.0,0.0,L452Q_conf_0016,L452Q_conf_0016,0.0,0.0,0.0,0.0
452,L452,L,R,-,A,452,0.13333333333333333,0.0,0.0,0.0,0.0,BA4_conf_0011,BA4_conf_0011,0.0,0.0,0.0,0.0
453,Y453,Y,Y,-,A,453,1.0,-2709.7883101041643,-3810.6454,-1008.57225,619.7868733152635,BA2_conf_0005,BA4_conf_0001,-2709.7883101041643,-3810.6454,-1008.57225,619.7868733152635
454,R454,R,R,-,A,454,1.0,0.0,0.0,0.0,0.0,E484K_conf_0000,E484K_conf_0000,0.0,0.0,0.0,0.0
455,L455,L,L,-,A,455,1.0,-305.9243803125009,-843.7877000000003,1674.449,339.45222294836816,BA2_conf_0005,K417T_conf_0001,-305.9243803125009,-843.7877000000003,1674.449,339.45222294836816
456,F456,F,F,-,A,456,1.0,-2123.5755221875056,-2443.8628250000006,-1684.083175,205.11247182179483,Lambda_conf_0026,WT_conf_0008,-2123.5755221875056,-2443.8628250000006,-1684.083175,205.11247182179483
457,R457,R,R,-,A,457,1.0,0.0,0.0,0.0,0.0,S477N_conf_0013,S477N_conf_0013,0.0,0.0,0.0,0.0
458,K458,K,K,-,A,458,1.0,0.0,0.0,0.0,0.0,Q493R_conf_0021,Q493R_conf_0021,0.0,0.0,0.0,0.0
459,S459,S,S,-,A,459,1.0,0.0,0.0,0.0,0.0,BA2_conf_0027,BA2_conf_0027,0.0,0.0,0.0,0.0
460,N460,N,N,-,A,460,1.0,0.0,0.0,0.0,0.0,WT_conf_0009,WT_conf_0009,0.0,0.0,0.0,0.0
461,L461,L,L,-,A,461,1.0,0.0,0.0,0.0,0.0,BA2_conf_0023,BA2_conf_0023,0.0,0.0,0.0,0.0
462,K462,K,K,-,A,462,1.0,0.0,0.0,0.0,0.0,E484K_conf_0000,E484K_conf_0000,0.0,0.0,0.0,0.0
463,P463,P,P,-,A,463,1.0,0.0,0.0,0.0,0.0,L452Q_conf_0014,L452Q_conf_0014,0.0,0.0,0.0,0.0
464,F464,F,F,-,A,464,1.0,0.0,0.0,0.0,0.0,WT_conf_0021,WT_conf_0021,0.0,0.0,0.0,0.0
465,E465,E,E,-,A,465,1.0,0.0,0.0,0.0,0.0,Kappa_conf_0005,Kappa_conf_0005,0.0,0.0,0.0,0.0
466,R466,R,R,-,A,466,1.0,0.0,0.0,0.0,0.0,Lambda_conf_0012,Lambda_conf_0012,0.0,0.0,0.0,0.0
467,D467,D,D,-,A,467,1.0,0.0,0.0,0.0,0.0,Delta_conf_0025,Delta_conf_0025,0.0,0.0,0.0,0.0
468,I468,I,I,-,A,468,1.0,0.0,0.0,0.0,0.0,Lambda_conf_0022,Lambda_conf_0022,0.0,0.0,0.0,0.0
469,S469,S,S,-,A,469,1.0,0.0,0.0,0.0,0.0,Y505H_conf_0003,Y505H_conf_0003,0.0,0.0,0.0,0.0
470,T470,T,T,-,A,470,1.0,0.0,0.0,0.0,0.0,E484A_conf_0011,E484A_conf_0011,0.0,0.0,0.0,0.0
471,E471,E,E,-,A,471,1.0,0.0,0.0,0.0,0.0,S477N_conf_0022,S477N_conf_0022,0.0,0.0,0.0,0.0
472,I472,I,I,-,A,472,1.0,0.0,0.0,0.0,0.0,S477N_conf_0017,S477N_conf_0017,0.0,0.0,0.0,0.0
473,Y473,Y,Y,-,A,473,1.0,-560.4197836458335,-652.01945,-476.4806000000001,45.00863846720963,E484A_conf_0003,BA2_conf_0011,-560.4197836458335,-652.01945,-476.4806000000001,45.00863846720963
474,Q474,Q,Q,-,A,474,1.0,0.0,0.0,0.0,0.0,N440K_conf_0018,N440K_conf_0018,0.0,0.0,0.0,0.0
475,A475,A,A,-,A,475,1.0,-456.2507399479162,-523.32935,-362.5995500000001,43.691886505456694,E484K_conf_0026,E484Q_conf_0011,-456.2507399479162,-523.32935,-362.5995500000001,43.691886505456694
476,G476,G,G,-,A,476,1.0,578.2871547916674,259.14604999999995,861.7194,201.3163723081913,S477N_conf_0008,G446S_conf_0005,578.2871547916674,259.14604999999995,861.7194,201.3163723081913
477,S477,S,S,-,A,477,0.8333333333333334,179.93925300000043,132.9952,236.3556,35.53910831204957,K417N_conf_0009,E484K_conf_0028,175.0561366666669,84.5676,236.3556,39.02721723944273
477,S477,S,N,-,A,477,0.16666666666666666,150.64055499999995,84.5676,229.12760000000003,45.91575177326377,BA1_conf_0009,BA2_conf_0018,175.0561366666669,84.5676,236.3556,39.02721723944273
478,T478,T,T,-,A,478,0.8,0.0,0.0,0.0,0.0,L452Q_conf_0016,L452Q_conf_0016,1.0433708333333334,0.0,203.0675,12.414145609234424
478,T478,T,K,-,A,478,0.2,5.216854166666667,0.0,203.0675,27.36389230572576,BA3_conf_0001,Delta_conf_0024,1.0433708333333334,0.0,203.0675,12.414145609234424
479,P479,P,P,-,A,479,1.0,0.0,0.0,0.0,0.0,F486V_conf_0000,F486V_conf_0000,0.0,0.0,0.0,0.0
480,C480,C,C,-,A,480,1.0,0.0,0.0,0.0,0.0,E484K_conf_0008,E484K_conf_0008,0.0,0.0,0.0,0.0
481,N481,N,N,-,A,481,1.0,0.0,0.0,0.0,0.0,BA3_conf_0004,BA3_conf_0004,0.0,0.0,0.0,0.0
482,G482,G,G,-,A,482,1.0,0.0,0.0,0.0,0.0,Gamma_conf_0015,Gamma_conf_0015,0.0,0.0,0.0,0.0
483,V483,V,V,-,A,483,1.0,0.0,0.0,0.0,0.0,Q498R_conf_0008,Q498R_conf_0008,0.0,0.0,0.0,0.0
484,E484,E,A,-,A,484,0.16666666666666666,0.0,0.0,0.0,0.0,BA2_conf_0026,BA2_conf_0026,-3.2523125000000044,-120.9821,761.6796999999999,49.55961952870222
484,E484,E,E,-,A,484,0.6666666666666666,-9.365137968750004,-19.6928,0.0,4.74242583570146,Q493R_conf_0028,Lambda_conf_0001,-3.2523125000000044,-120.9821,761.6796999999999,49.55961952870222
484,E484,E,K,-,A,484,0.1,31.30778020833333,-120.9821,761.6796999999999,150.41575713129302,Beta_conf_0028,Beta_conf_0006,-3.2523125000000044,-120.9821,761.6796999999999,49.55961952870222
484,E484,E,Q,-,A,484,0.06666666666666667,-2.094978125,-73.8381,81.64150000000001,22.068816706561382,Kappa_conf_0002,E484Q_conf_0010,-3.2523125000000044,-120.9821,761.6796999999999,49.55961952870222
485,G485,G,G,-,A,485,1.0,-24.204273750000088,-88.1228,0.0,23.67604561178132,BA4_conf_0018,Q498R_conf_0023,-24.204273750000088,-88.1228,0.0,23.67604561178132
486,F486,F,F,-,A,486,0.9333333333333333,-2166.0239949776737,-2410.4885,-1905.1267,156.54137119411104,Gamma_conf_0007,L452R_conf_0023,-2226.5675398437456,-3353.8920000000003,-1905.1267,275.8758389969281
486,F486,F,V,-,A,486,0.06666666666666667,-3074.1771679687495,-3353.8920000000003,-2759.56255,169.64666916780217,F486V_conf_0007,F486V_conf_0023,-2226.5675398437456,-3353.8920000000003,-1905.1267,275.8758389969281
487,N487,N,N,-,A,487,1.0,-2608.18987653646,-2937.18845,-2277.173775,227.3307807767123,N440K_conf_0016,E484K_conf_0001,-2608.18987653646,-2937.18845,-2277.173775,227.3307807767123
488,C488,C,C,-,A,488,1.0,0.0,0.0,0.0,0.0,BA2_conf_0003,BA2_conf_0003,0.0,0.0,0.0,0.0
489,Y489,Y,Y,-,A,489,1.0,-4899.624127369788,-5231.577825,-4469.025174999999,199.22196819792723,Lambda_conf_0007,BA2_conf_0023,-4899.624127369788,-5231.577825,-4469.025174999999,199.22196819792723
490,F490,F,F,-,A,490,0.9333333333333333,-1714.3570469866047,-2169.4601500000003,-1354.0511500000002,244.46406734037345,D405N_conf_0008,BA2_conf_0013,-1758.5910263541625,-2955.6648000000005,-1354.0511500000002,292.41094280802724
490,F490,F,S,-,A,490,0.06666666666666667,-2377.8667375000005,-2955.6648000000005,-2121.45825,187.05462724823573,F490S_conf_0026,Lambda_conf_0012,-1758.5910263541625,-2955.6648000000005,-1354.0511500000002,292.41094280802724
491,P491,P,P,-,A,491,1.0,5.604678020833337,0.0,15.7104,4.370478655375156,F490S_conf_0013,Lambda_conf_0001,5.604678020833337,0.0,15.7104,4.370478655375156
492,L492,L,L,-,A,492,1.0,75.68774973958323,-513.0007,180.3425,116.09909707685632,WT_conf_0025,BA3_conf_0008,75.68774973958323,-513.0007,180.3425,116.09909707685632
493,Q493,Q,Q,-,A,493,0.8666666666666667,-6420.320552043251,-6761.692000000001,-6027.69485,186.78027523359893,S477N_conf_0007,Beta_conf_0022,-6241.675664556759,-7746.358356000001,-1687.7845049999996,899.5882465364167
493,Q493,Q,R,-,A,493,0.13333333333333333,-5080.48389589453,-7746.358356000001,-1687.7845049999996,2070.4759453856086,Q493R_conf_0009,BA2_conf_0006,-6241.675664556759,-7746.358356000001,-1687.7845049999996,899.5882465364167
494,S494,S,S,-,A,494,1.0,24.617666666666672,0.0,96.72,34.76813456632699,Q493R_conf_0023,F486V_conf_0004,24.617666666666672,0.0,96.72,34.76813456632699
495,Y495,Y,Y,-,A,495,1.0,0.0,0.0,0.0,0.0,Q493R_conf_0014,Q493R_conf_0014,0.0,0.0,0.0,0.0
496,G496,G,G,-,A,496,0.9333333333333333,-2402.65742723214,-2604.6167000000005,-1782.6076000000005,167.06901160422163,BA2_conf_0013,Q498R_conf_0008,-2432.3070811979132,-3789.3056000000006,-1782.6076000000005,212.81500852896067
496,G496,G,S,-,A,496,0.06666666666666667,-2847.402236718751,-3789.3056000000006,-2185.61305,322.448813037102,BA1_conf_0006,G496S_conf_0011,-2432.3070811979132,-3789.3056000000006,-1782.6076000000005,212.81500852896067
497,F497,F,F,-,A,497,1.0,193.25237901041692,0.0,334.1103,69.21703063293745,R408S_conf_0011,BA3_conf_0025,193.25237901041692,0.0,334.1103,69.21703063293745
498,Q498,Q,R,-,A,498,0.16666666666666666,-3251.9874806531247,-8262.4043715,-1020.4206885,1045.4732879729818,BA3_conf_0016,BA1_conf_0012,-1450.2813837807284,-8262.4043715,-495.47905,924.5812433148037
498,Q498,Q,Q,-,A,498,0.8333333333333334,-1089.9401644062505,-1260.55635,-495.47905,167.7585322203653,N501Y_conf_0013,WT_conf_0031,-1450.2813837807284,-8262.4043715,-495.47905,924.5812433148037
499,P499,P,P,-,A,499,1.0,0.0,0.0,0.0,0.0,K417N_conf_0006,K417N_conf_0006,0.0,0.0,0.0,0.0
500,T500,T,T,-,A,500,1.0,-4653.031777408851,-5053.8646055,-3893.5883225,201.13428547004395,BA1_conf_0012,BA1_conf_0019,-4653.031777408851,-5053.8646055,-3893.5883225,201.13428547004395
501,N501,N,N,-,A,501,0.7666666666666667,-2569.697932540771,-2827.7667500000007,-2100.1276999999995,139.53921379228098,Q498R_conf_0008,Q498R_conf_0011,-2920.4589019270943,-4994.837850000001,-1655.8527500000002,701.2817859433496
501,N501,N,Y,-,A,501,0.23333333333333334,-4072.959229910709,-4994.837850000001,-1655.8527500000002,557.8636431904913,BA3_conf_0008,BA4_conf_0001,-2920.4589019270943,-4994.837850000001,-1655.8527500000002,701.2817859433496
502,G502,G,G,-,A,502,1.0,-3557.442058697939,-4178.07745,-2747.1869999999994,287.3044601427703,BA4_conf_0008,G496S_conf_0001,-3557.442058697939,-4178.07745,-2747.1869999999994,287.3044601427703
503,V503,V,V,-,A,503,1.0,-601.9540934374974,-1028.6646,-271.7443,204.04726825432678,BA4_conf_0003,Y505H_conf_0006,-601.9540934374974,-1028.6646,-271.7443,204.04726825432678
504,G504,G,G,-,A,504,1.0,0.0,0.0,0.0,0.0,E484K_conf_0006,E484K_conf_0006,0.0,0.0,0.0,0.0
505,Y505,Y,Y,-,A,505,0.8333333333333334,-4974.690342187498,-5186.708675,-4680.679249999999,110.27597712478273,F486V_conf_0001,Gamma_conf_0004,-4869.0627731510385,-5717.26935,-420.3091,542.4197952014569
505,Y505,Y,H,-,A,505,0.16666666666666666,-4340.924927968749,-5717.26935,-420.3091,1170.3828217671607,BA1_conf_0030,Y505H_conf_0010,-4869.0627731510385,-5717.26935,-420.3091,542.4197952014569
506,Q506,Q,Q,-,A,506,1.0,0.0,0.0,0.0,0.0,Q498R_conf_0010,Q498R_conf_0010,0.0,0.0,0.0,0.0
507,P507,P,P,-,A,507,1.0,0.0,0.0,0.0,0.0,E484Q_conf_0016,E484Q_conf_0016,0.0,0.0,0.0,0.0
508,Y508,Y,Y,-,A,508,1.0,0.0,0.0,0.0,0.0,D405N_conf_0016,D405N_conf_0016,0.0,0.0,0.0,0.0
509,R509,R,R,-,A,509,1.0,0.0,0.0,0.0,0.0,T478K_conf_0028,T478K_conf_0028,0.0,0.0,0.0,0.0
510,V510,V,V,-,A,510,1.0,0.0,0.0,0.0,0.0,R408S_conf_0028,R408S_conf_0028,0.0,0.0,0.0,0.0
511,V511,V,V,-,A,511,1.0,0.0,0.0,0.0,0.0,BA1_conf_0014,BA1_conf_0014,0.0,0.0,0.0,0.0
