site,label_site,wildtype,mutation,condition,protein_chain,protein_site,mut_average_interact,mut_min_interact,mut_max_interact,mut_deviation,site_average_interact,site_min_interact,site_max_interact,site_deviation
512,V512,V,V,WT,E,512,0,0,0,0,0,0,0,0
513,L513,L,L,WT,E,513,0,0,0,0,0,0,0,0
514,S514,S,S,WT,E,514,0,0,0,0,0,0,0,0
515,F515,F,F,WT,E,515,0,0,0,0,0,0,0,0
516,E516,E,E,WT,E,516,0,0,0,0,0,0,0,0
517,L517,L,L,WT,E,517,0,0,0,0,0,0,0,0
518,L518,L,L,WT,E,518,0,0,0,0,0,0,0,0
336,C336,C,C,WT,E,336,0,0,0,0,0,0,0,0
337,P337,P,P,WT,E,337,0,0,0,0,0,0,0,0
338,F338,F,F,WT,E,338,0,0,0,0,0,0,0,0
339,G339,G,G,WT,E,339,0,0,0,0,0,0,0,0
340,E340,E,E,WT,E,340,0,0,0,0,0,0,0,0
341,V341,V,V,WT,E,341,0,0,0,0,0,0,0,0
342,F342,F,F,WT,E,342,0,0,0,0,0,0,0,0
343,N343,N,N,WT,E,343,0,0,0,0,0,0,0,0
344,A344,A,A,WT,E,344,0,0,0,0,0,0,0,0
345,T345,T,T,WT,E,345,0,0,0,0,0,0,0,0
346,R346,R,R,WT,E,346,0,0,0,0,0,0,0,0
347,F347,F,F,WT,E,347,0,0,0,0,0,0,0,0
348,A348,A,A,WT,E,348,0,0,0,0,0,0,0,0
349,S349,S,S,WT,E,349,0,0,0,0,0,0,0,0
350,V350,V,V,WT,E,350,0,0,0,0,0,0,0,0
351,Y351,Y,Y,WT,E,351,0,0,0,0,0,0,0,0
352,A352,A,A,WT,E,352,0,0,0,0,0,0,0,0
353,W353,W,W,WT,E,353,0,0,0,0,0,0,0,0
354,N354,N,N,WT,E,354,0,0,0,0,0,0,0,0
355,R355,R,R,WT,E,355,0,0,0,0,0,0,0,0
356,K356,K,K,WT,E,356,0,0,0,0,0,0,0,0
357,R357,R,R,WT,E,357,0,0,0,0,0,0,0,0
358,I358,I,I,WT,E,358,0,0,0,0,0,0,0,0
359,S359,S,S,WT,E,359,0,0,0,0,0,0,0,0
360,N360,N,N,WT,E,360,0,0,0,0,0,0,0,0
361,C361,C,C,WT,E,361,0,0,0,0,0,0,0,0
362,V362,V,V,WT,E,362,0,0,0,0,0,0,0,0
363,A363,A,A,WT,E,363,0,0,0,0,0,0,0,0
364,D364,D,D,WT,E,364,0,0,0,0,0,0,0,0
365,Y365,Y,Y,WT,E,365,0,0,0,0,0,0,0,0
366,S366,S,S,WT,E,366,0,0,0,0,0,0,0,0
367,V367,V,V,WT,E,367,0,0,0,0,0,0,0,0
368,L368,L,L,WT,E,368,0,0,0,0,0,0,0,0
369,Y369,Y,Y,WT,E,369,0,0,0,0,0,0,0,0
370,N370,N,N,WT,E,370,0,0,0,0,0,0,0,0
371,S371,S,S,WT,E,371,0,0,0,0,0,0,0,0
372,A372,A,A,WT,E,372,0,0,0,0,0,0,0,0
373,S373,S,S,WT,E,373,0,0,0,0,0,0,0,0
374,F374,F,F,WT,E,374,0,0,0,0,0,0,0,0
375,S375,S,S,WT,E,375,0,0,0,0,0,0,0,0
376,T376,T,T,WT,E,376,0,0,0,0,0,0,0,0
377,F377,F,F,WT,E,377,0,0,0,0,0,0,0,0
378,K378,K,K,WT,E,378,0,0,0,0,0,0,0,0
379,C379,C,C,WT,E,379,0,0,0,0,0,0,0,0
380,Y380,Y,Y,WT,E,380,0,0,0,0,0,0,0,0
381,G381,G,G,WT,E,381,0,0,0,0,0,0,0,0
382,V382,V,V,WT,E,382,0,0,0,0,0,0,0,0
383,S383,S,S,WT,E,383,0,0,0,0,0,0,0,0
384,P384,P,P,WT,E,384,0,0,0,0,0,0,0,0
385,T385,T,T,WT,E,385,0,0,0,0,0,0,0,0
386,K386,K,K,WT,E,386,0,0,0,0,0,0,0,0
387,L387,L,L,WT,E,387,0,0,0,0,0,0,0,0
388,N388,N,N,WT,E,388,0,0,0,0,0,0,0,0
389,D389,D,D,WT,E,389,0,0,0,0,0,0,0,0
390,L390,L,L,WT,E,390,0,0,0,0,0,0,0,0
391,C391,C,C,WT,E,391,0,0,0,0,0,0,0,0
392,F392,F,F,WT,E,392,0,0,0,0,0,0,0,0
393,T393,T,T,WT,E,393,0,0,0,0,0,0,0,0
394,N394,N,N,WT,E,394,0,0,0,0,0,0,0,0
395,V395,V,V,WT,E,395,0,0,0,0,0,0,0,0
396,Y396,Y,Y,WT,E,396,0,0,0,0,0,0,0,0
397,A397,A,A,WT,E,397,0,0,0,0,0,0,0,0
398,D398,D,D,WT,E,398,0,0,0,0,0,0,0,0
399,S399,S,S,WT,E,399,0,0,0,0,0,0,0,0
400,F400,F,F,WT,E,400,0,0,0,0,0,0,0,0
401,V401,V,V,WT,E,401,0,0,0,0,0,0,0,0
402,I402,I,I,WT,E,402,0,0,0,0,0,0,0,0
403,R403,R,R,WT,E,403,-85.4939,-168.5286,-3.689,52.65945398,-85.4939,-168.5286,-3.689,52.65945398
404,G404,G,G,WT,E,404,0,0,0,0,0,0,0,0
405,D405,D,D,WT,E,405,0,0,0,0,0,0,0,0
406,E406,E,E,WT,E,406,0,0,0,0,0,0,0,0
407,V407,V,V,WT,E,407,0,0,0,0,0,0,0,0
408,R408,R,R,WT,E,408,0,0,0,0,0,0,0,0
409,Q409,Q,Q,WT,E,409,0,0,0,0,0,0,0,0
410,I410,I,I,WT,E,410,0,0,0,0,0,0,0,0
411,A411,A,A,WT,E,411,0,0,0,0,0,0,0,0
412,P412,P,P,WT,E,412,0,0,0,0,0,0,0,0
413,G413,G,G,WT,E,413,0,0,0,0,0,0,0,0
414,Q414,Q,Q,WT,E,414,0,0,0,0,0,0,0,0
415,T415,T,T,WT,E,415,0,0,0,0,0,0,0,0
416,G416,G,G,WT,E,416,0,0,0,0,0,0,0,0
417,K417,K,K,WT,E,417,-4208.401941,-5603.61285,-2683.9347,922.0363668,-4208.401941,-5603.61285,-2683.9347,922.0363668
418,I418,I,I,WT,E,418,0,0,0,0,0,0,0,0
419,A419,A,A,WT,E,419,0,0,0,0,0,0,0,0
420,D420,D,D,WT,E,420,0,0,0,0,0,0,0,0
421,Y421,Y,Y,WT,E,421,0,0,0,0,0,0,0,0
422,N422,N,N,WT,E,422,0,0,0,0,0,0,0,0
423,Y423,Y,Y,WT,E,423,0,0,0,0,0,0,0,0
424,K424,K,K,WT,E,424,0,0,0,0,0,0,0,0
425,L425,L,L,WT,E,425,0,0,0,0,0,0,0,0
426,P426,P,P,WT,E,426,0,0,0,0,0,0,0,0
427,D427,D,D,WT,E,427,0,0,0,0,0,0,0,0
428,D428,D,D,WT,E,428,0,0,0,0,0,0,0,0
429,F429,F,F,WT,E,429,0,0,0,0,0,0,0,0
430,T430,T,T,WT,E,430,0,0,0,0,0,0,0,0
431,G431,G,G,WT,E,431,0,0,0,0,0,0,0,0
432,C432,C,C,WT,E,432,0,0,0,0,0,0,0,0
433,V433,V,V,WT,E,433,0,0,0,0,0,0,0,0
434,I434,I,I,WT,E,434,0,0,0,0,0,0,0,0
435,A435,A,A,WT,E,435,0,0,0,0,0,0,0,0
436,W436,W,W,WT,E,436,0,0,0,0,0,0,0,0
437,N437,N,N,WT,E,437,0,0,0,0,0,0,0,0
438,S438,S,S,WT,E,438,0,0,0,0,0,0,0,0
439,N439,N,N,WT,E,439,0,0,0,0,0,0,0,0
440,N440,N,N,WT,E,440,0,0,0,0,0,0,0,0
441,L441,L,L,WT,E,441,0,0,0,0,0,0,0,0
442,D442,D,D,WT,E,442,0,0,0,0,0,0,0,0
443,S443,S,S,WT,E,443,0,0,0,0,0,0,0,0
444,K444,K,K,WT,E,444,0,0,0,0,0,0,0,0
445,V445,V,V,WT,E,445,0,0,0,0,0,0,0,0
446,G446,G,G,WT,E,446,-46.3248875,-342.17425,239.0691,201.6381474,-46.3248875,-342.17425,239.0691,201.6381474
447,G447,G,G,WT,E,447,0,0,0,0,0,0,0,0
448,N448,N,N,WT,E,448,0,0,0,0,0,0,0,0
449,Y449,Y,Y,WT,E,449,-3276.425794,-3609.66295,-2931.0236,228.6142383,-3276.425794,-3609.66295,-2931.0236,228.6142383
450,N450,N,N,WT,E,450,0,0,0,0,0,0,0,0
451,Y451,Y,Y,WT,E,451,0,0,0,0,0,0,0,0
452,L452,L,L,WT,E,452,0,0,0,0,0,0,0,0
453,Y453,Y,Y,WT,E,453,-2729.357914,-3797.7439,-1637.97975,607.4198215,-2729.357914,-3797.7439,-1637.97975,607.4198215
454,R454,R,R,WT,E,454,0,0,0,0,0,0,0,0
455,L455,L,L,WT,E,455,-354.713175,-800.8062,168.8319,251.3692194,-354.713175,-800.8062,168.8319,251.3692194
456,F456,F,F,WT,E,456,-2126.308763,-2443.862825,-1728.063175,204.2860626,-2126.308763,-2443.862825,-1728.063175,204.2860626
457,R457,R,R,WT,E,457,0,0,0,0,0,0,0,0
458,K458,K,K,WT,E,458,0,0,0,0,0,0,0,0
459,S459,S,S,WT,E,459,0,0,0,0,0,0,0,0
460,N460,N,N,WT,E,460,0,0,0,0,0,0,0,0
461,L461,L,L,WT,E,461,0,0,0,0,0,0,0,0
462,K462,K,K,WT,E,462,0,0,0,0,0,0,0,0
463,P463,P,P,WT,E,463,0,0,0,0,0,0,0,0
464,F464,F,F,WT,E,464,0,0,0,0,0,0,0,0
465,E465,E,E,WT,E,465,0,0,0,0,0,0,0,0
466,R466,R,R,WT,E,466,0,0,0,0,0,0,0,0
467,D467,D,D,WT,E,467,0,0,0,0,0,0,0,0
468,I468,I,I,WT,E,468,0,0,0,0,0,0,0,0
469,S469,S,S,WT,E,469,0,0,0,0,0,0,0,0
470,T470,T,T,WT,E,470,0,0,0,0,0,0,0,0
471,E471,E,E,WT,E,471,0,0,0,0,0,0,0,0
472,I472,I,I,WT,E,472,0,0,0,0,0,0,0,0
473,Y473,Y,Y,WT,E,473,-560.2853594,-652.01945,-476.4806,44.94937132,-560.2853594,-652.01945,-476.4806,44.94937132
474,Q474,Q,Q,WT,E,474,0,0,0,0,0,0,0,0
475,A475,A,A,WT,E,475,-456.3391422,-523.32935,-362.59955,43.70491682,-456.3391422,-523.32935,-362.59955,43.70491682
476,G476,G,G,WT,E,476,578.2508062,259.14605,853.5149,200.943781,578.2508062,259.14605,853.5149,200.943781
477,S477,S,S,WT,E,477,179.751325,132.9952,236.3556,35.46530981,179.751325,132.9952,236.3556,35.46530981
478,T478,T,T,WT,E,478,0,0,0,0,0,0,0,0
479,P479,P,P,WT,E,479,0,0,0,0,0,0,0,0
480,C480,C,C,WT,E,480,0,0,0,0,0,0,0,0
481,N481,N,N,WT,E,481,0,0,0,0,0,0,0,0
482,G482,G,G,WT,E,482,0,0,0,0,0,0,0,0
483,V483,V,V,WT,E,483,0,0,0,0,0,0,0,0
484,E484,E,E,WT,E,484,-9.505045313,-16.9235,-2.1539,4.582647385,-9.505045313,-16.9235,-2.1539,4.582647385
485,G485,G,G,WT,E,485,-24.61041875,-88.1228,0,24.11310897,-24.61041875,-88.1228,0,24.11310897
486,F486,F,F,WT,E,486,-2165.567236,-2410.4885,-1905.1267,156.5258692,-2165.567236,-2410.4885,-1905.1267,156.5258692
487,N487,N,N,WT,E,487,-2609.826863,-2937.18845,-2277.173775,229.0874143,-2609.826863,-2937.18845,-2277.173775,229.0874143
488,C488,C,C,WT,E,488,0,0,0,0,0,0,0,0
489,Y489,Y,Y,WT,E,489,-4900.868225,-5228.935325,-4498.002425,199.4860377,-4900.868225,-5228.935325,-4498.002425,199.4860377
490,F490,F,F,WT,E,490,-1710.249408,-2129.8002,-1354.05115,245.8637597,-1710.249408,-2129.8002,-1354.05115,245.8637597
491,P491,P,P,WT,E,491,5.92188125,0,14.9767,4.231597091,5.92188125,0,14.9767,4.231597091
492,L492,L,L,WT,E,492,116.1528125,30.438,180.3425,41.48192967,116.1528125,30.438,180.3425,41.48192967
493,Q493,Q,Q,WT,E,493,-6423.763209,-6761.692,-6027.69485,186.8565034,-6423.763209,-6761.692,-6027.69485,186.8565034
494,S494,S,S,WT,E,494,26.4875,0,96.72,35.34205772,26.4875,0,96.72,35.34205772
495,Y495,Y,Y,WT,E,495,0,0,0,0,0,0,0,0
496,G496,G,G,WT,E,496,-2470.284913,-2565.52365,-2360.04165,53.90374339,-2470.284913,-2565.52365,-2360.04165,53.90374339
497,F497,F,F,WT,E,497,210.1022266,70.3246,334.1103,61.76829425,210.1022266,70.3246,334.1103,61.76829425
498,Q498,Q,Q,WT,E,498,-1144.280255,-1260.55635,-947.202,92.79742077,-1144.280255,-1260.55635,-947.202,92.79742077
499,P499,P,P,WT,E,499,0,0,0,0,0,0,0,0
500,T500,T,T,WT,E,500,-4684.137662,-4983.562381,-4432.962168,187.6710329,-4684.137662,-4983.562381,-4432.962168,187.6710329
501,N501,N,N,WT,E,501,-2570.8372,-2816.85605,-2319.216,138.1048326,-2570.8372,-2816.85605,-2319.216,138.1048326
502,G502,G,G,WT,E,502,-3640.732438,-4178.07745,-3293.50715,243.2769631,-3640.732438,-4178.07745,-3293.50715,243.2769631
503,V503,V,V,WT,E,503,-603.7525437,-1026.90655,-307.4076,203.6965618,-603.7525437,-1026.90655,-307.4076,203.6965618
504,G504,G,G,WT,E,504,0,0,0,0,0,0,0,0
505,Y505,Y,Y,WT,E,505,-4976.56727,-5148.599625,-4680.67925,109.7556847,-4976.56727,-5148.599625,-4680.67925,109.7556847
506,Q506,Q,Q,WT,E,506,0,0,0,0,0,0,0,0
507,P507,P,P,WT,E,507,0,0,0,0,0,0,0,0
508,Y508,Y,Y,WT,E,508,0,0,0,0,0,0,0,0
509,R509,R,R,WT,E,509,0,0,0,0,0,0,0,0
510,V510,V,V,WT,E,510,0,0,0,0,0,0,0,0
511,V511,V,V,WT,E,511,0,0,0,0,0,0,0,0
512,V512,V,V,Alpha,E,512,0,0,0,0,0,0,0,0
513,L513,L,L,Alpha,E,513,0,0,0,0,0,0,0,0
514,S514,S,S,Alpha,E,514,0,0,0,0,0,0,0,0
515,F515,F,F,Alpha,E,515,0,0,0,0,0,0,0,0
516,E516,E,E,Alpha,E,516,0,0,0,0,0,0,0,0
517,L517,L,L,Alpha,E,517,0,0,0,0,0,0,0,0
518,L518,L,L,Alpha,E,518,0,0,0,0,0,0,0,0
336,C336,C,C,Alpha,E,336,0,0,0,0,0,0,0,0
337,P337,P,P,Alpha,E,337,0,0,0,0,0,0,0,0
338,F338,F,F,Alpha,E,338,0,0,0,0,0,0,0,0
339,G339,G,G,Alpha,E,339,0,0,0,0,0,0,0,0
340,E340,E,E,Alpha,E,340,0,0,0,0,0,0,0,0
341,V341,V,V,Alpha,E,341,0,0,0,0,0,0,0,0
342,F342,F,F,Alpha,E,342,0,0,0,0,0,0,0,0
343,N343,N,N,Alpha,E,343,0,0,0,0,0,0,0,0
344,A344,A,A,Alpha,E,344,0,0,0,0,0,0,0,0
345,T345,T,T,Alpha,E,345,0,0,0,0,0,0,0,0
346,R346,R,R,Alpha,E,346,0,0,0,0,0,0,0,0
347,F347,F,F,Alpha,E,347,0,0,0,0,0,0,0,0
348,A348,A,A,Alpha,E,348,0,0,0,0,0,0,0,0
349,S349,S,S,Alpha,E,349,0,0,0,0,0,0,0,0
350,V350,V,V,Alpha,E,350,0,0,0,0,0,0,0,0
351,Y351,Y,Y,Alpha,E,351,0,0,0,0,0,0,0,0
352,A352,A,A,Alpha,E,352,0,0,0,0,0,0,0,0
353,W353,W,W,Alpha,E,353,0,0,0,0,0,0,0,0
354,N354,N,N,Alpha,E,354,0,0,0,0,0,0,0,0
355,R355,R,R,Alpha,E,355,0,0,0,0,0,0,0,0
356,K356,K,K,Alpha,E,356,0,0,0,0,0,0,0,0
357,R357,R,R,Alpha,E,357,0,0,0,0,0,0,0,0
358,I358,I,I,Alpha,E,358,0,0,0,0,0,0,0,0
359,S359,S,S,Alpha,E,359,0,0,0,0,0,0,0,0
360,N360,N,N,Alpha,E,360,0,0,0,0,0,0,0,0
361,C361,C,C,Alpha,E,361,0,0,0,0,0,0,0,0
362,V362,V,V,Alpha,E,362,0,0,0,0,0,0,0,0
363,A363,A,A,Alpha,E,363,0,0,0,0,0,0,0,0
364,D364,D,D,Alpha,E,364,0,0,0,0,0,0,0,0
365,Y365,Y,Y,Alpha,E,365,0,0,0,0,0,0,0,0
366,S366,S,S,Alpha,E,366,0,0,0,0,0,0,0,0
367,V367,V,V,Alpha,E,367,0,0,0,0,0,0,0,0
368,L368,L,L,Alpha,E,368,0,0,0,0,0,0,0,0
369,Y369,Y,Y,Alpha,E,369,0,0,0,0,0,0,0,0
370,N370,N,N,Alpha,E,370,0,0,0,0,0,0,0,0
371,S371,S,S,Alpha,E,371,0,0,0,0,0,0,0,0
372,A372,A,A,Alpha,E,372,0,0,0,0,0,0,0,0
373,S373,S,S,Alpha,E,373,0,0,0,0,0,0,0,0
374,F374,F,F,Alpha,E,374,0,0,0,0,0,0,0,0
375,S375,S,S,Alpha,E,375,0,0,0,0,0,0,0,0
376,T376,T,T,Alpha,E,376,0,0,0,0,0,0,0,0
377,F377,F,F,Alpha,E,377,0,0,0,0,0,0,0,0
378,K378,K,K,Alpha,E,378,0,0,0,0,0,0,0,0
379,C379,C,C,Alpha,E,379,0,0,0,0,0,0,0,0
380,Y380,Y,Y,Alpha,E,380,0,0,0,0,0,0,0,0
381,G381,G,G,Alpha,E,381,0,0,0,0,0,0,0,0
382,V382,V,V,Alpha,E,382,0,0,0,0,0,0,0,0
383,S383,S,S,Alpha,E,383,0,0,0,0,0,0,0,0
384,P384,P,P,Alpha,E,384,0,0,0,0,0,0,0,0
385,T385,T,T,Alpha,E,385,0,0,0,0,0,0,0,0
386,K386,K,K,Alpha,E,386,0,0,0,0,0,0,0,0
387,L387,L,L,Alpha,E,387,0,0,0,0,0,0,0,0
388,N388,N,N,Alpha,E,388,0,0,0,0,0,0,0,0
389,D389,D,D,Alpha,E,389,0,0,0,0,0,0,0,0
390,L390,L,L,Alpha,E,390,0,0,0,0,0,0,0,0
391,C391,C,C,Alpha,E,391,0,0,0,0,0,0,0,0
392,F392,F,F,Alpha,E,392,0,0,0,0,0,0,0,0
393,T393,T,T,Alpha,E,393,0,0,0,0,0,0,0,0
394,N394,N,N,Alpha,E,394,0,0,0,0,0,0,0,0
395,V395,V,V,Alpha,E,395,0,0,0,0,0,0,0,0
396,Y396,Y,Y,Alpha,E,396,0,0,0,0,0,0,0,0
397,A397,A,A,Alpha,E,397,0,0,0,0,0,0,0,0
398,D398,D,D,Alpha,E,398,0,0,0,0,0,0,0,0
399,S399,S,S,Alpha,E,399,0,0,0,0,0,0,0,0
400,F400,F,F,Alpha,E,400,0,0,0,0,0,0,0,0
401,V401,V,V,Alpha,E,401,0,0,0,0,0,0,0,0
402,I402,I,I,Alpha,E,402,0,0,0,0,0,0,0,0
403,R403,R,R,Alpha,E,403,-86.65026562,-168.5286,-3.689,51.79345529,-86.65026562,-168.5286,-3.689,51.79345529
404,G404,G,G,Alpha,E,404,0,0,0,0,0,0,0,0
405,D405,D,D,Alpha,E,405,0,0,0,0,0,0,0,0
406,E406,E,E,Alpha,E,406,0,0,0,0,0,0,0,0
407,V407,V,V,Alpha,E,407,0,0,0,0,0,0,0,0
408,R408,R,R,Alpha,E,408,0,0,0,0,0,0,0,0
409,Q409,Q,Q,Alpha,E,409,0,0,0,0,0,0,0,0
410,I410,I,I,Alpha,E,410,0,0,0,0,0,0,0,0
411,A411,A,A,Alpha,E,411,0,0,0,0,0,0,0,0
412,P412,P,P,Alpha,E,412,0,0,0,0,0,0,0,0
413,G413,G,G,Alpha,E,413,0,0,0,0,0,0,0,0
414,Q414,Q,Q,Alpha,E,414,0,0,0,0,0,0,0,0
415,T415,T,T,Alpha,E,415,0,0,0,0,0,0,0,0
416,G416,G,G,Alpha,E,416,0,0,0,0,0,0,0,0
417,K417,K,K,Alpha,E,417,-4297.397341,-5603.61285,-2745.60385,907.9292571,-4297.397341,-5603.61285,-2745.60385,907.9292571
418,I418,I,I,Alpha,E,418,0,0,0,0,0,0,0,0
419,A419,A,A,Alpha,E,419,0,0,0,0,0,0,0,0
420,D420,D,D,Alpha,E,420,0,0,0,0,0,0,0,0
421,Y421,Y,Y,Alpha,E,421,0,0,0,0,0,0,0,0
422,N422,N,N,Alpha,E,422,0,0,0,0,0,0,0,0
423,Y423,Y,Y,Alpha,E,423,0,0,0,0,0,0,0,0
424,K424,K,K,Alpha,E,424,0,0,0,0,0,0,0,0
425,L425,L,L,Alpha,E,425,0,0,0,0,0,0,0,0
426,P426,P,P,Alpha,E,426,0,0,0,0,0,0,0,0
427,D427,D,D,Alpha,E,427,0,0,0,0,0,0,0,0
428,D428,D,D,Alpha,E,428,0,0,0,0,0,0,0,0
429,F429,F,F,Alpha,E,429,0,0,0,0,0,0,0,0
430,T430,T,T,Alpha,E,430,0,0,0,0,0,0,0,0
431,G431,G,G,Alpha,E,431,0,0,0,0,0,0,0,0
432,C432,C,C,Alpha,E,432,0,0,0,0,0,0,0,0
433,V433,V,V,Alpha,E,433,0,0,0,0,0,0,0,0
434,I434,I,I,Alpha,E,434,0,0,0,0,0,0,0,0
435,A435,A,A,Alpha,E,435,0,0,0,0,0,0,0,0
436,W436,W,W,Alpha,E,436,0,0,0,0,0,0,0,0
437,N437,N,N,Alpha,E,437,0,0,0,0,0,0,0,0
438,S438,S,S,Alpha,E,438,0,0,0,0,0,0,0,0
439,N439,N,N,Alpha,E,439,0,0,0,0,0,0,0,0
440,N440,N,N,Alpha,E,440,0,0,0,0,0,0,0,0
441,L441,L,L,Alpha,E,441,0,0,0,0,0,0,0,0
442,D442,D,D,Alpha,E,442,0,0,0,0,0,0,0,0
443,S443,S,S,Alpha,E,443,0,0,0,0,0,0,0,0
444,K444,K,K,Alpha,E,444,0,0,0,0,0,0,0,0
445,V445,V,V,Alpha,E,445,0,0,0,0,0,0,0,0
446,G446,G,G,Alpha,E,446,-31.1699625,-342.17425,239.0691,199.5699745,-31.1699625,-342.17425,239.0691,199.5699745
447,G447,G,G,Alpha,E,447,0,0,0,0,0,0,0,0
448,N448,N,N,Alpha,E,448,0,0,0,0,0,0,0,0
449,Y449,Y,Y,Alpha,E,449,-3265.583638,-3609.66295,-2931.0236,224.9834848,-3265.583638,-3609.66295,-2931.0236,224.9834848
450,N450,N,N,Alpha,E,450,0,0,0,0,0,0,0,0
451,Y451,Y,Y,Alpha,E,451,0,0,0,0,0,0,0,0
452,L452,L,L,Alpha,E,452,0,0,0,0,0,0,0,0
453,Y453,Y,Y,Alpha,E,453,-2675.311198,-3679.34375,-1637.97975,586.5371293,-2675.311198,-3679.34375,-1637.97975,586.5371293
454,R454,R,R,Alpha,E,454,0,0,0,0,0,0,0,0
455,L455,L,L,Alpha,E,455,-333.6820719,-764.38565,168.8319,241.1106674,-333.6820719,-764.38565,168.8319,241.1106674
456,F456,F,F,Alpha,E,456,-2119.789013,-2443.862825,-1728.063175,204.0443353,-2119.789013,-2443.862825,-1728.063175,204.0443353
457,R457,R,R,Alpha,E,457,0,0,0,0,0,0,0,0
458,K458,K,K,Alpha,E,458,0,0,0,0,0,0,0,0
459,S459,S,S,Alpha,E,459,0,0,0,0,0,0,0,0
460,N460,N,N,Alpha,E,460,0,0,0,0,0,0,0,0
461,L461,L,L,Alpha,E,461,0,0,0,0,0,0,0,0
462,K462,K,K,Alpha,E,462,0,0,0,0,0,0,0,0
463,P463,P,P,Alpha,E,463,0,0,0,0,0,0,0,0
464,F464,F,F,Alpha,E,464,0,0,0,0,0,0,0,0
465,E465,E,E,Alpha,E,465,0,0,0,0,0,0,0,0
466,R466,R,R,Alpha,E,466,0,0,0,0,0,0,0,0
467,D467,D,D,Alpha,E,467,0,0,0,0,0,0,0,0
468,I468,I,I,Alpha,E,468,0,0,0,0,0,0,0,0
469,S469,S,S,Alpha,E,469,0,0,0,0,0,0,0,0
470,T470,T,T,Alpha,E,470,0,0,0,0,0,0,0,0
471,E471,E,E,Alpha,E,471,0,0,0,0,0,0,0,0
472,I472,I,I,Alpha,E,472,0,0,0,0,0,0,0,0
473,Y473,Y,Y,Alpha,E,473,-562.3969625,-652.01945,-476.4806,45.76429885,-562.3969625,-652.01945,-476.4806,45.76429885
474,Q474,Q,Q,Alpha,E,474,0,0,0,0,0,0,0,0
475,A475,A,A,Alpha,E,475,-454.5996766,-523.32935,-362.59955,43.19672661,-454.5996766,-523.32935,-362.59955,43.19672661
476,G476,G,G,Alpha,E,476,568.8655359,259.14605,853.5149,202.2424305,568.8655359,259.14605,853.5149,202.2424305
477,S477,S,S,Alpha,E,477,182.8684,132.9952,236.3556,35.85426796,182.8684,132.9952,236.3556,35.85426796
478,T478,T,T,Alpha,E,478,0,0,0,0,0,0,0,0
479,P479,P,P,Alpha,E,479,0,0,0,0,0,0,0,0
480,C480,C,C,Alpha,E,480,0,0,0,0,0,0,0,0
481,N481,N,N,Alpha,E,481,0,0,0,0,0,0,0,0
482,G482,G,G,Alpha,E,482,0,0,0,0,0,0,0,0
483,V483,V,V,Alpha,E,483,0,0,0,0,0,0,0,0
484,E484,E,E,Alpha,E,484,-9.240615625,-16.76965,-2.1539,4.386906951,-9.240615625,-16.76965,-2.1539,4.386906951
485,G485,G,G,Alpha,E,485,-23.74448594,-88.1228,0,24.03932686,-23.74448594,-88.1228,0,24.03932686
486,F486,F,F,Alpha,E,486,-2170.560045,-2410.4885,-1905.1267,157.4090769,-2170.560045,-2410.4885,-1905.1267,157.4090769
487,N487,N,N,Alpha,E,487,-2591.486088,-2936.548625,-2277.173775,225.6120967,-2591.486088,-2936.548625,-2277.173775,225.6120967
488,C488,C,C,Alpha,E,488,0,0,0,0,0,0,0,0
489,Y489,Y,Y,Alpha,E,489,-4903.433309,-5228.935325,-4498.002425,200.210642,-4903.433309,-5228.935325,-4498.002425,200.210642
490,F490,F,F,Alpha,E,490,-1719.300223,-2129.8002,-1354.05115,246.510878,-1719.300223,-2129.8002,-1354.05115,246.510878
491,P491,P,P,Alpha,E,491,5.6616375,0,14.9767,4.218005838,5.6616375,0,14.9767,4.218005838
492,L492,L,L,Alpha,E,492,115.3672656,30.438,180.3425,41.9769324,115.3672656,30.438,180.3425,41.9769324
493,Q493,Q,Q,Alpha,E,493,-6413.422023,-6761.692,-6027.69485,181.7875201,-6413.422023,-6761.692,-6027.69485,181.7875201
494,S494,S,S,Alpha,E,494,27.755,0,96.72,35.09584698,27.755,0,96.72,35.09584698
495,Y495,Y,Y,Alpha,E,495,0,0,0,0,0,0,0,0
496,G496,G,G,Alpha,E,496,-2197.699438,-2444.49715,-1851.2024,193.1591245,-2197.699438,-2444.49715,-1851.2024,193.1591245
497,F497,F,F,Alpha,E,497,161.4245625,83.67915,252.8077,46.81157033,161.4245625,83.67915,252.8077,46.81157033
498,Q498,Q,Q,Alpha,E,498,-712.684782,-877.4782,-495.47905,100.2398096,-712.684782,-877.4782,-495.47905,100.2398096
499,P499,P,P,Alpha,E,499,0,0,0,0,0,0,0,0
500,T500,T,T,Alpha,E,500,-4651.494018,-4929.802381,-4446.490867,166.3849961,-4651.494018,-4929.802381,-4446.490867,166.3849961
501,N501,N,Y,Alpha,E,501,-4138.030395,-4621.8473,-3573.42185,273.1894924,-4138.030395,-4621.8473,-3573.42185,273.1894924
502,G502,G,G,Alpha,E,502,-3298.657881,-3874.6337,-2935.55305,248.3468809,-3298.657881,-3874.6337,-2935.55305,248.3468809
503,V503,V,V,Alpha,E,503,-609.9820922,-1026.90655,-307.4076,202.399284,-609.9820922,-1026.90655,-307.4076,202.399284
504,G504,G,G,Alpha,E,504,0,0,0,0,0,0,0,0
505,Y505,Y,Y,Alpha,E,505,-4963.696198,-5186.708675,-4778.95425,109.4911888,-4963.696198,-5186.708675,-4778.95425,109.4911888
506,Q506,Q,Q,Alpha,E,506,0,0,0,0,0,0,0,0
507,P507,P,P,Alpha,E,507,0,0,0,0,0,0,0,0
508,Y508,Y,Y,Alpha,E,508,0,0,0,0,0,0,0,0
509,R509,R,R,Alpha,E,509,0,0,0,0,0,0,0,0
510,V510,V,V,Alpha,E,510,0,0,0,0,0,0,0,0
511,V511,V,V,Alpha,E,511,0,0,0,0,0,0,0,0
512,V512,V,V,BA1,E,512,0,0,0,0,0,0,0,0
513,L513,L,L,BA1,E,513,0,0,0,0,0,0,0,0
514,S514,S,S,BA1,E,514,0,0,0,0,0,0,0,0
515,F515,F,F,BA1,E,515,0,0,0,0,0,0,0,0
516,E516,E,E,BA1,E,516,0,0,0,0,0,0,0,0
517,L517,L,L,BA1,E,517,0,0,0,0,0,0,0,0
518,L518,L,L,BA1,E,518,0,0,0,0,0,0,0,0
336,C336,C,C,BA1,E,336,0,0,0,0,0,0,0,0
337,P337,P,P,BA1,E,337,0,0,0,0,0,0,0,0
338,F338,F,F,BA1,E,338,0,0,0,0,0,0,0,0
339,G339,G,G,BA1,E,339,0,0,0,0,0,0,0,0
340,E340,E,E,BA1,E,340,0,0,0,0,0,0,0,0
341,V341,V,V,BA1,E,341,0,0,0,0,0,0,0,0
342,F342,F,F,BA1,E,342,0,0,0,0,0,0,0,0
343,N343,N,N,BA1,E,343,0,0,0,0,0,0,0,0
344,A344,A,A,BA1,E,344,0,0,0,0,0,0,0,0
345,T345,T,T,BA1,E,345,0,0,0,0,0,0,0,0
346,R346,R,R,BA1,E,346,0,0,0,0,0,0,0,0
347,F347,F,F,BA1,E,347,0,0,0,0,0,0,0,0
348,A348,A,A,BA1,E,348,0,0,0,0,0,0,0,0
349,S349,S,S,BA1,E,349,0,0,0,0,0,0,0,0
350,V350,V,V,BA1,E,350,0,0,0,0,0,0,0,0
351,Y351,Y,Y,BA1,E,351,0,0,0,0,0,0,0,0
352,A352,A,A,BA1,E,352,0,0,0,0,0,0,0,0
353,W353,W,W,BA1,E,353,0,0,0,0,0,0,0,0
354,N354,N,N,BA1,E,354,0,0,0,0,0,0,0,0
355,R355,R,R,BA1,E,355,0,0,0,0,0,0,0,0
356,K356,K,K,BA1,E,356,0,0,0,0,0,0,0,0
357,R357,R,R,BA1,E,357,0,0,0,0,0,0,0,0
358,I358,I,I,BA1,E,358,0,0,0,0,0,0,0,0
359,S359,S,S,BA1,E,359,0,0,0,0,0,0,0,0
360,N360,N,N,BA1,E,360,0,0,0,0,0,0,0,0
361,C361,C,C,BA1,E,361,0,0,0,0,0,0,0,0
362,V362,V,V,BA1,E,362,0,0,0,0,0,0,0,0
363,A363,A,A,BA1,E,363,0,0,0,0,0,0,0,0
364,D364,D,D,BA1,E,364,0,0,0,0,0,0,0,0
365,Y365,Y,Y,BA1,E,365,0,0,0,0,0,0,0,0
366,S366,S,S,BA1,E,366,0,0,0,0,0,0,0,0
367,V367,V,V,BA1,E,367,0,0,0,0,0,0,0,0
368,L368,L,L,BA1,E,368,0,0,0,0,0,0,0,0
369,Y369,Y,Y,BA1,E,369,0,0,0,0,0,0,0,0
370,N370,N,N,BA1,E,370,0,0,0,0,0,0,0,0
371,S371,S,S,BA1,E,371,0,0,0,0,0,0,0,0
372,A372,A,A,BA1,E,372,0,0,0,0,0,0,0,0
373,S373,S,S,BA1,E,373,0,0,0,0,0,0,0,0
374,F374,F,F,BA1,E,374,0,0,0,0,0,0,0,0
375,S375,S,S,BA1,E,375,0,0,0,0,0,0,0,0
376,T376,T,T,BA1,E,376,0,0,0,0,0,0,0,0
377,F377,F,F,BA1,E,377,0,0,0,0,0,0,0,0
378,K378,K,K,BA1,E,378,0,0,0,0,0,0,0,0
379,C379,C,C,BA1,E,379,0,0,0,0,0,0,0,0
380,Y380,Y,Y,BA1,E,380,0,0,0,0,0,0,0,0
381,G381,G,G,BA1,E,381,0,0,0,0,0,0,0,0
382,V382,V,V,BA1,E,382,0,0,0,0,0,0,0,0
383,S383,S,S,BA1,E,383,0,0,0,0,0,0,0,0
384,P384,P,P,BA1,E,384,0,0,0,0,0,0,0,0
385,T385,T,T,BA1,E,385,0,0,0,0,0,0,0,0
386,K386,K,K,BA1,E,386,0,0,0,0,0,0,0,0
387,L387,L,L,BA1,E,387,0,0,0,0,0,0,0,0
388,N388,N,N,BA1,E,388,0,0,0,0,0,0,0,0
389,D389,D,D,BA1,E,389,0,0,0,0,0,0,0,0
390,L390,L,L,BA1,E,390,0,0,0,0,0,0,0,0
391,C391,C,C,BA1,E,391,0,0,0,0,0,0,0,0
392,F392,F,F,BA1,E,392,0,0,0,0,0,0,0,0
393,T393,T,T,BA1,E,393,0,0,0,0,0,0,0,0
394,N394,N,N,BA1,E,394,0,0,0,0,0,0,0,0
395,V395,V,V,BA1,E,395,0,0,0,0,0,0,0,0
396,Y396,Y,Y,BA1,E,396,0,0,0,0,0,0,0,0
397,A397,A,A,BA1,E,397,0,0,0,0,0,0,0,0
398,D398,D,D,BA1,E,398,0,0,0,0,0,0,0,0
399,S399,S,S,BA1,E,399,0,0,0,0,0,0,0,0
400,F400,F,F,BA1,E,400,0,0,0,0,0,0,0,0
401,V401,V,V,BA1,E,401,0,0,0,0,0,0,0,0
402,I402,I,I,BA1,E,402,0,0,0,0,0,0,0,0
403,R403,R,R,BA1,E,403,-85.4939,-168.5286,-3.689,52.65945398,-85.4939,-168.5286,-3.689,52.65945398
404,G404,G,G,BA1,E,404,0,0,0,0,0,0,0,0
405,D405,D,D,BA1,E,405,0,0,0,0,0,0,0,0
406,E406,E,E,BA1,E,406,0,0,0,0,0,0,0,0
407,V407,V,V,BA1,E,407,0,0,0,0,0,0,0,0
408,R408,R,R,BA1,E,408,0,0,0,0,0,0,0,0
409,Q409,Q,Q,BA1,E,409,0,0,0,0,0,0,0,0
410,I410,I,I,BA1,E,410,0,0,0,0,0,0,0,0
411,A411,A,A,BA1,E,411,0,0,0,0,0,0,0,0
412,P412,P,P,BA1,E,412,0,0,0,0,0,0,0,0
413,G413,G,G,BA1,E,413,0,0,0,0,0,0,0,0
414,Q414,Q,Q,BA1,E,414,0,0,0,0,0,0,0,0
415,T415,T,T,BA1,E,415,0,0,0,0,0,0,0,0
416,G416,G,G,BA1,E,416,0,0,0,0,0,0,0,0
417,K417,K,N,BA1,E,417,-1293.758497,-2683.9079,-198.31195,558.4754968,-1293.758497,-2683.9079,-198.31195,558.4754968
418,I418,I,I,BA1,E,418,0,0,0,0,0,0,0,0
419,A419,A,A,BA1,E,419,0,0,0,0,0,0,0,0
420,D420,D,D,BA1,E,420,0,0,0,0,0,0,0,0
421,Y421,Y,Y,BA1,E,421,0,0,0,0,0,0,0,0
422,N422,N,N,BA1,E,422,0,0,0,0,0,0,0,0
423,Y423,Y,Y,BA1,E,423,0,0,0,0,0,0,0,0
424,K424,K,K,BA1,E,424,0,0,0,0,0,0,0,0
425,L425,L,L,BA1,E,425,0,0,0,0,0,0,0,0
426,P426,P,P,BA1,E,426,0,0,0,0,0,0,0,0
427,D427,D,D,BA1,E,427,0,0,0,0,0,0,0,0
428,D428,D,D,BA1,E,428,0,0,0,0,0,0,0,0
429,F429,F,F,BA1,E,429,0,0,0,0,0,0,0,0
430,T430,T,T,BA1,E,430,0,0,0,0,0,0,0,0
431,G431,G,G,BA1,E,431,0,0,0,0,0,0,0,0
432,C432,C,C,BA1,E,432,0,0,0,0,0,0,0,0
433,V433,V,V,BA1,E,433,0,0,0,0,0,0,0,0
434,I434,I,I,BA1,E,434,0,0,0,0,0,0,0,0
435,A435,A,A,BA1,E,435,0,0,0,0,0,0,0,0
436,W436,W,W,BA1,E,436,0,0,0,0,0,0,0,0
437,N437,N,N,BA1,E,437,0,0,0,0,0,0,0,0
438,S438,S,S,BA1,E,438,0,0,0,0,0,0,0,0
439,N439,N,N,BA1,E,439,0,0,0,0,0,0,0,0
440,N440,N,K,BA1,E,440,0,0,0,0,0,0,0,0
441,L441,L,L,BA1,E,441,0,0,0,0,0,0,0,0
442,D442,D,D,BA1,E,442,0,0,0,0,0,0,0,0
443,S443,S,S,BA1,E,443,0,0,0,0,0,0,0,0
444,K444,K,K,BA1,E,444,0,0,0,0,0,0,0,0
445,V445,V,V,BA1,E,445,0,0,0,0,0,0,0,0
446,G446,G,S,BA1,E,446,-138.1048531,-645.1993,270.6338,235.8408211,-138.1048531,-645.1993,270.6338,235.8408211
447,G447,G,G,BA1,E,447,0,0,0,0,0,0,0,0
448,N448,N,N,BA1,E,448,0,0,0,0,0,0,0,0
449,Y449,Y,Y,BA1,E,449,-2918.800239,-3580.0528,-2272.87655,353.5530695,-2918.800239,-3580.0528,-2272.87655,353.5530695
450,N450,N,N,BA1,E,450,0,0,0,0,0,0,0,0
451,Y451,Y,Y,BA1,E,451,0,0,0,0,0,0,0,0
452,L452,L,L,BA1,E,452,0,0,0,0,0,0,0,0
453,Y453,Y,Y,BA1,E,453,-2581.524155,-3806.9649,-1058.12575,678.5562741,-2581.524155,-3806.9649,-1058.12575,678.5562741
454,R454,R,R,BA1,E,454,0,0,0,0,0,0,0,0
455,L455,L,L,BA1,E,455,103.1411969,-478.92865,1553.0863,480.7653144,103.1411969,-478.92865,1553.0863,480.7653144
456,F456,F,F,BA1,E,456,-2126.048763,-2443.862825,-1728.063175,204.2088244,-2126.048763,-2443.862825,-1728.063175,204.2088244
457,R457,R,R,BA1,E,457,0,0,0,0,0,0,0,0
458,K458,K,K,BA1,E,458,0,0,0,0,0,0,0,0
459,S459,S,S,BA1,E,459,0,0,0,0,0,0,0,0
460,N460,N,N,BA1,E,460,0,0,0,0,0,0,0,0
461,L461,L,L,BA1,E,461,0,0,0,0,0,0,0,0
462,K462,K,K,BA1,E,462,0,0,0,0,0,0,0,0
463,P463,P,P,BA1,E,463,0,0,0,0,0,0,0,0
464,F464,F,F,BA1,E,464,0,0,0,0,0,0,0,0
465,E465,E,E,BA1,E,465,0,0,0,0,0,0,0,0
466,R466,R,R,BA1,E,466,0,0,0,0,0,0,0,0
467,D467,D,D,BA1,E,467,0,0,0,0,0,0,0,0
468,I468,I,I,BA1,E,468,0,0,0,0,0,0,0,0
469,S469,S,S,BA1,E,469,0,0,0,0,0,0,0,0
470,T470,T,T,BA1,E,470,0,0,0,0,0,0,0,0
471,E471,E,E,BA1,E,471,0,0,0,0,0,0,0,0
472,I472,I,I,BA1,E,472,0,0,0,0,0,0,0,0
473,Y473,Y,Y,BA1,E,473,-560.2853594,-652.01945,-476.4806,44.94937132,-560.2853594,-652.01945,-476.4806,44.94937132
474,Q474,Q,Q,BA1,E,474,0,0,0,0,0,0,0,0
475,A475,A,A,BA1,E,475,-456.3391422,-523.32935,-362.59955,43.70491682,-456.3391422,-523.32935,-362.59955,43.70491682
476,G476,G,G,BA1,E,476,582.7943844,260.76005,861.7194,203.1016857,582.7943844,260.76005,861.7194,203.1016857
477,S477,S,N,BA1,E,477,151.020025,88.9044,229.1276,45.92622566,151.020025,88.9044,229.1276,45.92622566
478,T478,T,K,BA1,E,478,6.345859375,0,203.0675,35.33224968,6.345859375,0,203.0675,35.33224968
479,P479,P,P,BA1,E,479,0,0,0,0,0,0,0,0
480,C480,C,C,BA1,E,480,0,0,0,0,0,0,0,0
481,N481,N,N,BA1,E,481,0,0,0,0,0,0,0,0
482,G482,G,G,BA1,E,482,0,0,0,0,0,0,0,0
483,V483,V,V,BA1,E,483,0,0,0,0,0,0,0,0
484,E484,E,A,BA1,E,484,0,0,0,0,0,0,0,0
485,G485,G,G,BA1,E,485,-24.61041875,-88.1228,0,24.11310897,-24.61041875,-88.1228,0,24.11310897
486,F486,F,F,BA1,E,486,-2165.567236,-2410.4885,-1905.1267,156.5258692,-2165.567236,-2410.4885,-1905.1267,156.5258692
487,N487,N,N,BA1,E,487,-2609.747866,-2936.548625,-2277.173775,228.9749238,-2609.747866,-2936.548625,-2277.173775,228.9749238
488,C488,C,C,BA1,E,488,0,0,0,0,0,0,0,0
489,Y489,Y,Y,BA1,E,489,-4899.629553,-5231.577825,-4500.644925,197.0527837,-4899.629553,-5231.577825,-4500.644925,197.0527837
490,F490,F,F,BA1,E,490,-1732.540791,-2169.46015,-1357.10165,236.3618168,-1732.540791,-2169.46015,-1357.10165,236.3618168
491,P491,P,P,BA1,E,491,5.92188125,0,14.9767,4.231597091,5.92188125,0,14.9767,4.231597091
492,L492,L,L,BA1,E,492,-122.2842016,-513.0007,144.8525,196.6148112,-122.2842016,-513.0007,144.8525,196.6148112
493,Q493,Q,R,BA1,E,493,-5098.975449,-7715.252625,-1967.871231,2039.705211,-5098.975449,-7715.252625,-1967.871231,2039.705211
494,S494,S,S,BA1,E,494,0,0,0,0,0,0,0,0
495,Y495,Y,Y,BA1,E,495,0,0,0,0,0,0,0,0
496,G496,G,S,BA1,E,496,-2666.040041,-3502.1204,-2185.61305,265.5042741,-2666.040041,-3502.1204,-2185.61305,265.5042741
497,F497,F,F,BA1,E,497,123.9402328,0,295.68635,67.42362721,123.9402328,0,295.68635,67.42362721
498,Q498,Q,R,BA1,E,498,-3240.905227,-8262.404372,-2287.189215,1025.392561,-3240.905227,-8262.404372,-2287.189215,1025.392561
499,P499,P,P,BA1,E,499,0,0,0,0,0,0,0,0
500,T500,T,T,BA1,E,500,-4531.129485,-5053.864606,-3893.588323,240.2408407,-4531.129485,-5053.864606,-3893.588323,240.2408407
501,N501,N,Y,BA1,E,501,-3983.160101,-4624.4808,-2011.879425,657.8254807,-3983.160101,-4624.4808,-2011.879425,657.8254807
502,G502,G,G,BA1,E,502,-3260.023006,-3879.9607,-2769.38105,245.67173,-3260.023006,-3879.9607,-2769.38105,245.67173
503,V503,V,V,BA1,E,503,-591.0689344,-1005.30765,-279.02765,204.0342553,-591.0689344,-1005.30765,-279.02765,204.0342553
504,G504,G,G,BA1,E,504,0,0,0,0,0,0,0,0
505,Y505,Y,H,BA1,E,505,-4159.854995,-5526.946025,-420.3091,1263.894579,-4159.854995,-5526.946025,-420.3091,1263.894579
506,Q506,Q,Q,BA1,E,506,0,0,0,0,0,0,0,0
507,P507,P,P,BA1,E,507,0,0,0,0,0,0,0,0
508,Y508,Y,Y,BA1,E,508,0,0,0,0,0,0,0,0
509,R509,R,R,BA1,E,509,0,0,0,0,0,0,0,0
510,V510,V,V,BA1,E,510,0,0,0,0,0,0,0,0
511,V511,V,V,BA1,E,511,0,0,0,0,0,0,0,0